date,weather_code,temperature_2m_mean,temperature_2m_max,temperature_2m_min,apparent_temperature_mean,apparent_temperature_max,apparent_temperature_min,sunrise,sunset,daylight_duration,sunshine_duration,precipitation_sum,rain_sum,snowfall_sum,precipitation_hours,wind_speed_10m_max,wind_gusts_10m_max,wind_direction_10m_dominant,shortwave_radiation_sum,et0_fao_evapotranspiration
2023-12-31 18:30:00+00:00,3.0,21.628832,28.282999,16.483,21.412027,29.20903,16.60185,1704071498,1704112450,40951.31,37026.38,0.0,0.0,0.0,0.0,5.2924476,9.0,104.496666,20.84,4.6881576
2024-01-01 18:30:00+00:00,3.0,21.774666,27.432999,18.032999,21.434637,27.58159,18.11613,1704157922,1704198884,40962.07,27758.883,0.0,0.0,0.0,0.0,5.217279,8.9,99.04633,17.92,4.3198123
2024-01-02 18:30:00+00:00,3.0,21.430916,27.233,16.282999,21.33825,27.915157,16.10885,1704244345,1704285319,40973.758,33134.637,0.0,0.0,0.0,0.0,4.707441,8.1,94.521164,18.0,4.0833197
2024-01-03 18:30:00+00:00,61.0,21.230917,25.333,18.032999,21.313334,25.48771,18.561247,1704330767,1704371754,40986.355,10405.688,2.7,2.7,0.0,5.0,4.9040794,8.9,90.835884,9.77,2.6829216
2024-01-04 18:30:00+00:00,51.0,22.291334,26.833,18.483,23.049322,28.353199,19.346838,1704417188,1704458188,40999.84,36186.68,0.2,0.2,0.0,1.0,4.4922156,7.7,107.634575,16.81,3.7391932
2024-01-05 18:30:00+00:00,51.0,22.672583,28.583,19.133,23.2647,29.952477,19.575165,1704503609,1704544623,41014.19,36188.58,1.2,1.2,0.0,7.0,4.8093657,8.8,95.51188,19.0,4.223516
2024-01-06 18:30:00+00:00,3.0,21.935083,27.682999,16.883,22.072418,27.707336,17.652021,1704590028,1704631058,41029.395,36139.92,0.0,0.0,0.0,0.0,5.0159745,10.0,85.17053,19.63,4.3793597
2024-01-07 18:30:00+00:00,53.0,20.220499,23.383,18.282999,20.60536,23.447994,18.381184,1704676446,1704717492,41045.426,0.0,2.3999999,2.3999999,0.0,12.0,5.8940644,10.5,86.511375,5.48,1.4171352
2024-01-08 18:30:00+00:00,51.0,21.497583,26.432999,18.682999,21.347572,25.372353,18.411682,1704762864,1704803926,41062.26,34665.812,1.0,1.0,0.0,6.0,7.0213957,12.5,89.8079,16.83,3.7575579
2024-01-09 18:30:00+00:00,3.0,20.7705,24.833,17.032999,20.173355,24.100122,16.508259,1704849280,1704890360,41079.895,20558.098,0.0,0.0,0.0,0.0,5.314132,10.2,95.699486,11.4,3.0804615
2024-01-10 18:30:00+00:00,3.0,21.305916,27.682999,16.883,20.939262,27.343855,17.153465,1704935694,1704976793,41098.29,35269.062,0.0,0.0,0.0,0.0,4.9162993,9.7,92.30294,20.47,4.650548
2024-01-11 18:30:00+00:00,3.0,20.705917,27.182999,15.433001,19.713423,25.804745,14.493032,1705022108,1705063225,41117.434,37538.254,0.0,0.0,0.0,0.0,6.5115285,12.3,93.16823,21.33,4.80656
2024-01-12 18:30:00+00:00,3.0,21.091331,28.333,15.683001,21.373785,28.362953,16.311237,1705108519,1705149657,41137.324,35819.62,0.0,0.0,0.0,0.0,4.219004,9.0,90.55858,19.48,4.2810264
2024-01-13 18:30:00+00:00,3.0,21.61425,28.282999,16.733,21.819212,28.530174,17.578348,1705194930,1705236089,41158.16,34028.066,0.0,0.0,0.0,0.0,4.596738,9.5,68.49848,21.26,4.65531
2024-01-14 18:30:00+00:00,3.0,21.333,28.032999,15.433001,21.359743,28.74112,15.575657,1705281340,1705322520,41180.004,37804.82,0.0,0.0,0.0,0.0,3.8832974,7.8,84.3144,21.85,4.662372
2024-01-15 18:30:00+00:00,3.0,21.372581,28.133,15.533,21.486511,28.896156,16.21991,1705367749,1705408952,41202.81,36751.773,0.0,0.0,0.0,0.0,4.318565,7.2,99.05064,21.91,4.5716934
2024-01-16 18:30:00+00:00,3.0,21.599663,28.233,15.733001,21.692656,29.585705,15.991377,1705454157,1705495384,41226.535,37526.477,0.0,0.0,0.0,0.0,4.5694637,7.6,123.077835,21.94,4.8053217
2024-01-17 18:30:00+00:00,3.0,22.087166,28.782999,16.483,22.196005,29.71146,16.66626,1705540564,1705581816,41251.14,36102.785,0.0,0.0,0.0,0.0,3.9962482,7.0,138.95299,21.39,4.74296
2024-01-18 18:30:00+00:00,3.0,22.678833,29.282999,17.333,22.836754,30.31285,17.423313,1705626970,1705668247,41276.58,34133.93,0.0,0.0,0.0,0.0,5.2000003,8.9,107.553665,21.11,4.88028
2024-01-19 18:30:00+00:00,3.0,22.337164,29.032999,16.432999,22.068146,30.083237,16.085922,1705713375,1705754679,41302.82,36705.668,0.0,0.0,0.0,0.0,5.0159745,9.2,108.584175,20.24,4.6830907
2024-01-20 18:30:00+00:00,3.0,22.674662,29.083,16.883,22.404251,30.120857,16.553938,1705799780,1705841110,41329.81,37746.37,0.0,0.0,0.0,0.0,4.248529,8.1,108.09255,22.03,5.0522094
2024-01-21 18:30:00+00:00,3.0,22.88508,29.083,16.883,23.169456,30.283363,18.12246,1705886183,1705927541,41357.516,37842.934,0.0,0.0,0.0,0.0,5.0921507,8.5,110.57548,21.97,4.96636
2024-01-22 18:30:00+00:00,3.0,22.61425,28.983,16.833,22.901451,30.569405,17.91097,1705972585,1706013971,41385.895,38044.477,0.0,0.0,0.0,0.0,4.614109,7.8,121.56789,22.19,4.856213
2024-01-23 18:30:00+00:00,3.0,22.833002,29.583,17.182999,23.407007,30.738014,18.268929,1706058986,1706100401,41414.91,36685.9,0.0,0.0,0.0,0.0,4.2801867,7.7,156.53394,21.04,4.6760197
2024-01-24 18:30:00+00:00,3.0,23.003832,28.432999,17.483,23.207136,29.742691,18.76266,1706145386,1706186831,41444.523,36000.0,0.0,0.0,0.0,0.0,4.8703184,8.1,122.00533,17.84,4.4403152
2024-01-25 18:30:00+00:00,3.0,21.843414,28.133,16.733,20.840788,26.979702,16.727211,1706231785,1706273260,41474.688,38130.79,0.0,0.0,0.0,0.0,5.2952805,10.5,95.95547,22.8,5.25743
2024-01-26 18:30:00+00:00,3.0,21.480913,28.233,16.032999,20.652258,26.799673,16.009857,1706318183,1706359689,41505.37,38094.35,0.0,0.0,0.0,0.0,5.0990195,10.4,86.648155,22.68,5.2480335
2024-01-27 18:30:00+00:00,3.0,21.474665,28.282999,15.833,21.038,27.99303,15.945499,1706404580,1706446117,41536.54,36688.46,0.0,0.0,0.0,0.0,4.368066,9.2,99.36643,21.5,4.914072
2024-01-28 18:30:00+00:00,3.0,21.472582,28.083,16.532999,20.745525,27.41188,16.36943,1706490976,1706532545,41568.15,37445.133,0.0,0.0,0.0,0.0,4.652956,8.2,86.057274,23.01,5.0716195
2024-01-29 18:30:00+00:00,3.0,21.61425,29.083,14.983001,21.414299,30.625072,14.5961075,1706577371,1706618972,41600.168,38438.387,0.0,0.0,0.0,0.0,4.204759,7.0,91.40091,22.86,4.8203435
2024-01-30 18:30:00+00:00,3.0,22.766333,29.432999,16.682999,22.791784,30.640606,16.786081,1706663765,1706705398,41632.555,37896.36,0.0,0.0,0.0,0.0,4.5122056,7.7,121.86598,22.75,5.0820723
2024-01-31 18:30:00+00:00,3.0,23.276749,29.883,18.233,23.802614,31.056316,18.75678,1706750158,1706791823,41665.273,38113.086,0.0,0.0,0.0,0.0,4.140048,6.7,191.7251,22.83,4.9976716
2024-02-01 18:30:00+00:00,3.0,23.755915,30.432999,18.782999,24.747953,32.171066,20.579897,1706836549,1706878248,41698.31,35819.34,0.0,0.0,0.0,0.0,3.8600519,7.1,161.2882,21.78,4.894309
2024-02-02 18:30:00+00:00,3.0,24.222582,30.282999,19.233,24.539726,30.906422,20.152126,1706922940,1706964672,41731.973,36183.414,0.0,0.0,0.0,0.0,5.408327,9.1,108.8348,19.82,5.037546
2024-02-03 18:30:00+00:00,3.0,23.151747,29.532999,17.782999,22.491049,29.492077,17.561445,1707009329,1707051096,41766.344,38865.516,0.0,0.0,0.0,0.0,5.234501,9.8,97.38704,23.06,5.6336856
2024-02-04 18:30:00+00:00,2.0,23.012163,30.483,16.532999,22.063066,29.78209,16.241072,1707095717,1707137519,41801.387,38990.305,0.0,0.0,0.0,0.0,4.2755113,8.7,93.86271,23.57,5.877976
2024-02-05 18:30:00+00:00,0.0,23.499664,32.033,15.633,22.580156,30.188377,16.439444,1707182103,1707223941,41837.047,39115.895,0.0,0.0,0.0,0.0,5.1662364,10.5,86.79848,23.75,6.1893244
2024-02-06 18:30:00+00:00,0.0,24.245499,32.433,16.633,22.598993,30.276497,17.196682,1707268489,1707310363,41873.29,39242.363,0.0,0.0,0.0,0.0,5.1662364,10.4,85.92786,23.94,6.666714
2024-02-07 18:30:00+00:00,3.0,24.701744,32.783,16.883,22.779427,30.99839,16.436056,1707354873,1707396784,41910.07,38874.09,0.0,0.0,0.0,0.0,4.924429,10.2,89.48502,24.04,6.8908114
2024-02-08 18:30:00+00:00,3.0,24.397583,32.133,16.932999,23.393196,31.227966,17.55848,1707441257,1707483205,41947.348,39298.555,0.0,0.0,0.0,0.0,4.8507733,9.3,100.07025,23.91,6.431375
2024-02-09 18:30:00+00:00,3.0,23.312164,30.682999,16.932999,23.026068,30.36871,17.321075,1707527639,1707569625,41985.082,39326.08,0.0,0.0,0.0,0.0,5.4083266,10.5,101.76827,23.88,5.7388234
2024-02-10 18:30:00+00:00,3.0,23.047585,30.333,17.233,22.472723,29.380531,17.917656,1707614021,1707656045,42023.223,37975.89,0.0,0.0,0.0,0.0,5.1662364,10.6,102.038,23.94,5.7908344
2024-02-11 18:30:00+00:00,3.0,22.622581,30.682999,15.683001,21.159857,28.354954,15.465828,1707700401,1707742464,42061.74,38256.97,0.0,0.0,0.0,0.0,5.0990195,10.5,94.56891,24.54,6.253334
2024-02-12 18:30:00+00:00,3.0,23.060081,30.532999,16.282999,22.597147,30.021313,16.646633,1707786781,1707828882,42100.586,39097.14,0.0,0.0,0.0,0.0,4.8052053,9.2,101.91861,24.19,5.756933
2024-02-13 18:30:00+00:00,3.0,23.724665,30.583,17.782999,23.354431,30.58625,18.322523,1707873160,1707915300,42139.73,38394.5,0.0,0.0,0.0,0.0,5.0447993,9.5,100.46668,23.26,5.851372
2024-02-14 18:30:00+00:00,3.0,23.420496,30.633,16.833,21.565443,28.931622,15.255905,1707959538,1708001718,42179.13,38012.668,0.0,0.0,0.0,0.0,5.0990195,10.4,97.36791,24.45,6.630839
2024-02-15 18:30:00+00:00,3.0,22.78508,29.682999,16.532999,21.696772,29.34739,15.378147,1708045916,1708088135,42218.742,39689.28,0.0,0.0,0.0,0.0,5.7558665,11.2,95.81458,24.19,5.9956765
2024-02-16 18:30:00+00:00,2.0,23.907999,31.182999,16.932999,22.201147,30.138424,15.383907,1708132292,1708174551,42258.535,39732.47,0.0,0.0,0.0,0.0,5.3600373,9.2,98.85095,24.69,6.67017
2024-02-17 18:30:00+00:00,3.0,24.657999,31.982998,17.432999,23.310173,31.78212,16.161228,1708218668,1708260967,42298.47,39769.188,0.0,0.0,0.0,0.0,5.565968,9.3,96.21058,24.61,6.3602166
2024-02-18 18:30:00+00:00,3.0,24.17675,30.883,17.133,23.21638,30.775425,17.781496,1708305044,1708347383,42338.51,39765.082,0.0,0.0,0.0,0.0,5.269725,9.7,109.47996,23.97,6.1700625
2024-02-19 18:30:00+00:00,3.0,25.19133,31.483,18.682999,24.530252,31.86131,18.535816,1708391419,1708433798,42378.617,39788.426,0.0,0.0,0.0,0.0,5.162364,9.0,120.70473,24.56,5.9730515
2024-02-20 18:30:00+00:00,2.0,25.56217,31.932999,19.583,26.154207,33.672432,20.985384,1708477793,1708520212,42418.754,39811.055,0.0,0.0,0.0,0.0,3.6400552,7.7,201.97975,23.22,5.565818
2024-02-21 18:30:00+00:00,3.0,25.662165,32.283,19.233,25.768456,33.30501,20.608353,1708564167,1708606626,42458.91,39943.477,0.0,0.0,0.0,0.0,2.758623,6.9,240.99834,24.33,5.798713
2024-02-22 18:30:00+00:00,3.0,25.433,32.583,18.333,24.705688,33.14355,19.027718,1708650540,1708693040,42499.4,39991.664,0.0,0.0,0.0,0.0,3.4985712,6.6,246.83064,25.01,6.1701913
2024-02-23 18:30:00+00:00,3.0,25.714249,31.633,19.333,26.471624,32.96948,19.844582,1708736912,1708779453,42540.31,39077.65,0.0,0.0,0.0,0.0,4.472136,7.6,157.91783,20.39,5.2507524
2024-02-24 18:30:00+00:00,3.0,25.405912,31.982998,20.032999,25.484528,32.346306,20.22124,1708823282,1708865865,42581.613,39780.434,0.0,0.0,0.0,0.0,5.9464273,10.1,121.122444,24.04,6.290928
2024-02-25 18:30:00+00:00,3.0,23.862167,31.083,17.682999,23.229967,30.38884,17.442968,1708909652,1708952276,42623.27,40123.242,0.0,0.0,0.0,0.0,6.1465435,11.9,106.57356,24.31,6.1039686
2024-02-26 18:30:00+00:00,3.0,24.047583,30.983,17.833,23.962578,31.780151,18.304419,1708996021,1709038687,42665.25,39239.055,0.0,0.0,0.0,0.0,5.3600373,9.8,101.82646,24.64,6.0137787
2024-02-27 18:30:00+00:00,3.0,24.651747,32.482998,17.083,23.35936,30.345657,18.054342,1709082389,1709125097,42707.516,40212.297,0.0,0.0,0.0,0.0,5.021952,9.8,92.12342,25.84,6.9678755
2024-02-28 18:30:00+00:00,3.0,24.341333,32.083,16.233,21.99811,29.93314,15.284401,1709168756,1709211507,42750.035,40257.105,0.0,0.0,0.0,0.0,5.5145264,11.1,97.35402,26.0,7.4769583
2024-02-29 18:30:00+00:00,3.0,24.43508,32.232998,16.583,22.896101,30.494682,16.489649,1709255123,1709297916,42792.773,39979.145,0.0,0.0,0.0,0.0,5.2630787,10.8,105.66894,25.59,7.0177402
2024-03-01 18:30:00+00:00,3.0,24.94758,32.383,17.432999,23.252481,31.128078,17.16072,1709341488,1709384325,42835.695,38923.973,0.0,0.0,0.0,0.0,5.249762,10.8,124.769966,25.21,6.927017
2024-03-02 18:30:00+00:00,3.0,25.326746,32.583,18.233,24.811197,32.88517,19.420582,1709427854,1709470733,42878.773,40392.18,0.0,0.0,0.0,0.0,4.7423625,8.3,117.360695,25.37,6.508913
2024-03-03 18:30:00+00:00,3.0,26.497581,34.283,18.782999,26.34845,35.18827,19.442953,1709514219,1709557141,42921.97,40437.305,0.0,0.0,0.0,0.0,4.830114,8.0,132.55156,25.5,6.3840013
2024-03-04 18:30:00+00:00,3.0,26.607996,34.133,18.733,26.068266,33.637775,20.094542,1709600583,1709643549,42965.25,40482.43,0.0,0.0,0.0,0.0,5.7801385,10.0,124.684906,25.7,6.9376993
2024-03-05 18:30:00+00:00,3.0,26.997587,34.383,19.833,26.730476,35.672104,20.453852,1709686947,1709729956,43008.582,37232.934,0.0,0.0,0.0,0.0,5.5470715,9.3,160.34612,23.89,6.3922415
2024-03-06 18:30:00+00:00,3.0,27.166334,34.333,19.782999,26.883745,35.10236,19.888718,1709773311,1709816363,43051.94,39476.086,0.0,0.0,0.0,0.0,4.2953463,7.3,147.9671,25.53,6.4769273
2024-03-07 18:30:00+00:00,3.0,26.807999,33.433,20.682999,27.132143,34.660557,21.448656,1709859674,1709902770,43095.293,40617.387,0.0,0.0,0.0,0.0,4.1146083,8.0,180.5846,21.92,5.493709
2024-03-08 18:30:00+00:00,3.0,27.487167,33.283,20.333,27.123453,35.26064,21.09247,1709946038,1709989177,43138.6,32706.934,0.0,0.0,0.0,0.0,4.9396353,9.8,142.07684,19.87,5.763465
2024-03-09 18:30:00+00:00,3.0,27.420496,33.133,22.133,27.598053,34.7973,23.56726,1710032401,1710075583,43181.832,22700.4,0.0,0.0,0.0,0.0,6.2433968,10.7,138.0637,18.07,5.5123353
2024-03-10 18:30:00+00:00,3.0,27.199663,33.732998,20.633,26.50574,33.942406,20.9515,1710118764,1710161990,43224.96,33811.684,0.0,0.0,0.0,0.0,5.456189,9.9,115.32242,21.81,6.6410017
2024-03-11 18:30:00+00:00,3.0,27.16008,34.033,20.133,26.89295,34.49767,21.309418,1710205128,1710248396,43267.95,40795.203,0.0,0.0,0.0,0.0,4.675468,8.2,133.09088,25.51,6.888437
2024-03-12 18:30:00+00:00,3.0,27.832994,34.433,21.583,27.795128,36.70938,21.524307,1710291491,1710334803,43310.79,37610.4,0.0,0.0,0.0,0.0,4.6690474,8.8,168.2048,21.82,5.788359
2024-03-13 18:30:00+00:00,3.0,27.770502,33.982998,21.583,28.48622,36.47125,21.432611,1710377854,1710421209,43353.77,40882.58,0.0,0.0,0.0,0.0,4.3863425,8.6,197.21616,24.51,6.1438503
2024-03-14 18:30:00+00:00,3.0,28.485085,34.633,21.682999,28.401543,35.217514,22.968893,1710464216,1710507614,43396.98,32782.273,0.0,0.0,0.0,0.0,5.456189,9.2,153.80731,20.88,6.5425606
2024-03-15 18:30:00+00:00,3.0,28.226748,35.383,22.483,28.239975,36.4489,23.920385,1710550578,1710594019,43440.39,39472.742,0.0,0.0,0.0,0.0,4.9396353,9.6,140.29745,25.08,7.1973147
2024-03-16 18:30:00+00:00,2.0,27.251747,34.433,20.432999,27.116875,33.76692,22.279167,1710636939,1710680424,43483.98,41014.08,0.0,0.0,0.0,0.0,5.3823786,9.5,125.642845,24.45,6.9687977
2024-03-17 18:30:00+00:00,3.0,27.12467,34.683,19.883,26.743906,35.79805,21.268744,1710723300,1710766828,43527.703,39656.516,0.0,0.0,0.0,0.0,4.3416586,8.8,137.78061,24.29,6.7931757
2024-03-18 18:30:00+00:00,3.0,27.208,34.283,20.633,26.298635,35.029984,21.028465,1710809660,1710853232,43571.555,41102.035,0.0,0.0,0.0,0.0,5.6435804,10.1,127.431656,24.24,6.9151807
2024-03-19 18:30:00+00:00,3.0,27.193419,35.083,20.032999,26.99279,36.422977,20.524372,1710896020,1710939636,43615.49,40217.305,0.0,0.0,0.0,0.0,5.215362,9.2,130.98459,25.43,6.894539
2024-03-20 18:30:00+00:00,3.0,25.710083,32.533,19.883,25.592812,33.35389,20.585203,1710982379,1711026040,43659.484,40784.36,0.0,0.0,0.0,0.0,5.4424257,9.2,104.8332,22.28,6.012854
2024-03-21 18:30:00+00:00,2.0,26.641329,33.982998,19.833,26.719194,34.744453,21.782698,1711068739,1711112443,43703.508,40681.285,0.0,0.0,0.0,0.0,5.217279,9.2,92.52978,25.11,6.5854735
2024-03-22 18:30:00+00:00,2.0,27.080915,34.433,19.282999,26.616537,33.954895,21.283983,1711155098,1711198846,43747.527,41277.594,0.0,0.0,0.0,0.0,5.223983,9.5,101.73193,26.42,7.430306
2024-03-23 18:30:00+00:00,3.0,27.383001,34.883,19.532999,25.74347,33.51741,19.502323,1711241457,1711285250,43791.527,41321.24,0.0,0.0,0.0,0.0,4.785394,10.0,118.3777,26.77,7.8721523
2024-03-24 18:30:00+00:00,1.0,27.45592,35.383,19.133,26.540024,33.692913,20.564497,1711327817,1711371653,43835.47,40291.695,0.0,0.0,0.0,0.0,5.5461698,10.6,104.5161,25.68,7.604596
2024-03-25 18:30:00+00:00,2.0,27.410082,35.333,19.782999,26.348444,33.662804,20.930748,1711414176,1711458056,43879.324,41408.047,0.0,0.0,0.0,0.0,5.5362444,11.1,103.56504,26.78,7.7752867
2024-03-26 18:30:00+00:00,1.0,26.774668,34.833,18.733,25.593855,32.687153,19.353397,1711500536,1711544459,43923.066,41451.15,0.0,0.0,0.0,0.0,5.414795,11.2,104.49435,27.17,7.5791287
2024-03-27 18:30:00+00:00,3.0,27.555916,35.133,19.682999,27.388872,34.915478,21.45986,1711586896,1711630863,43966.66,41494.016,0.0,0.0,0.0,0.0,4.539824,9.7,111.85845,26.76,7.439299
2024-03-28 18:30:00+00:00,3.0,28.34133,35.833,21.182999,27.598518,34.59061,21.930223,1711673256,1711717266,44010.082,41536.605,0.0,0.0,0.0,0.0,5.223983,11.0,122.62169,26.26,7.818888
2024-03-29 18:30:00+00:00,3.0,28.091331,35.583,20.583,27.064003,34.200787,20.480986,1711759616,1711803670,44053.3,41578.918,0.0,0.0,0.0,0.0,5.6142673,10.9,117.03074,27.02,7.724011
2024-03-30 18:30:00+00:00,3.0,27.395498,35.333,20.032999,26.586138,35.823387,20.326403,1711845977,1711890074,44096.28,41620.9,0.0,0.0,0.0,0.0,4.219004,9.0,130.32576,26.93,7.3213396
2024-03-31 18:30:00+00:00,2.0,27.962164,35.933,20.282999,28.787485,37.694675,22.48787,1711932339,1711976479,44139.0,41662.535,0.0,0.0,0.0,0.0,3.7443287,6.9,141.7839,26.63,6.422946
2024-04-01 18:30:00+00:00,3.0,29.141329,36.683,22.532999,28.896128,36.552277,23.839958,1712018701,1712062883,44181.434,41703.727,0.0,0.0,0.0,0.0,4.9729266,8.6,126.58245,26.4,7.698517
2024-04-02 18:30:00+00:00,1.0,28.868416,36.533,21.583,28.225657,36.394005,22.375559,1712105064,1712149288,44223.863,41744.605,0.0,0.0,0.0,0.0,5.021952,9.7,132.82674,27.0,7.889775
2024-04-03 18:30:00+00:00,3.0,28.883005,36.333,21.883,27.928434,34.98559,22.325241,1712191426,1712235693,44266.375,41785.453,0.0,0.0,0.0,0.0,4.0792155,9.4,121.69321,27.35,7.839072
2024-04-04 18:30:00+00:00,3.0,29.280912,37.383,22.133,27.915224,35.46138,21.885172,1712277788,1712322097,44308.938,41826.277,0.0,0.0,0.0,0.0,5.5443664,10.9,121.36393,26.91,8.149743
2024-04-05 18:30:00+00:00,3.0,29.647585,37.283,21.282999,28.194595,35.73979,20.417326,1712364150,1712408502,44351.523,41867.027,0.0,0.0,0.0,0.0,5.6885853,11.7,128.24992,26.99,8.416595
2024-04-06 18:30:00+00:00,3.0,29.449661,36.933,22.233,27.948936,35.745285,21.806902,1712450512,1712494906,44394.105,41907.676,0.0,0.0,0.0,0.0,4.967897,10.0,138.95764,27.18,8.3139105
2024-04-07 18:30:00+00:00,3.0,29.22883,36.883,21.483,27.832224,36.46574,20.600544,1712536874,1712581311,44436.656,41948.203,0.0,0.0,0.0,0.0,5.6435804,10.2,129.53609,27.33,8.153265
2024-04-08 18:30:00+00:00,3.0,28.232996,35.232998,21.333,27.063255,34.83245,19.735027,1712623236,1712667715,44479.14,41988.586,0.0,0.0,0.0,0.0,5.0537114,9.6,119.59032,27.23,8.194772
2024-04-09 18:30:00+00:00,3.0,28.153833,35.433,20.583,27.41829,34.66856,20.971502,1712709598,1712754120,44521.54,42028.785,0.0,0.0,0.0,0.0,5.021952,9.7,106.77503,27.34,7.9819555
2024-04-10 18:30:00+00:00,3.0,28.362165,35.583,20.432999,28.280611,35.1742,22.486526,1712795961,1712840525,44563.816,42068.793,0.0,0.0,0.0,0.0,6.185467,10.8,119.75273,27.01,7.5028744
2024-04-11 18:30:00+00:00,51.0,27.482996,34.583,21.733,28.209114,35.743725,23.596369,1712882324,1712926930,44605.94,42085.926,0.1,0.1,0.0,1.0,5.936329,10.5,117.42801,22.81,6.4606047
2024-04-12 18:30:00+00:00,3.0,27.707998,34.833,21.233,27.92388,34.67536,23.573158,1712968687,1713013336,44647.883,37129.652,0.0,0.0,0.0,0.0,7.539231,12.9,123.04296,25.05,7.2247114
2024-04-13 18:30:00+00:00,3.0,27.895498,35.183,20.583,27.53893,34.589523,22.872442,1713055051,1713099741,44689.617,42094.266,0.0,0.0,0.0,0.0,5.308484,10.7,103.8808,26.87,7.674774
2024-04-14 18:30:00+00:00,3.0,28.253836,35.833,20.583,27.169748,34.55197,19.967558,1713141415,1713186147,44731.105,42098.766,0.0,0.0,0.0,0.0,5.7218876,10.9,102.21105,27.2,8.253217
2024-04-15 18:30:00+00:00,3.0,28.441332,36.133,19.782999,27.774073,35.1933,21.6433,1713227780,1713272553,44772.316,42103.523,0.0,0.0,0.0,0.0,5.162364,10.1,117.658775,27.04,7.7690587
2024-04-16 18:30:00+00:00,3.0,29.562166,37.433,22.532999,29.219934,38.032047,23.078218,1713314146,1713358960,44813.223,42108.58,0.0,0.0,0.0,0.0,4.4407206,8.7,135.94168,25.61,7.574035
2024-04-17 18:30:00+00:00,3.0,30.330915,37.633,22.733,30.249289,37.864056,23.745958,1713400512,1713445366,44853.785,41361.79,0.0,0.0,0.0,0.0,4.753946,9.0,126.96567,24.35,7.3343177
2024-04-18 18:30:00+00:00,3.0,30.847582,37.933,23.932999,31.155945,38.255318,26.303005,1713486879,1713531773,44893.977,42119.69,0.0,0.0,0.0,0.0,4.5221677,9.6,138.20392,25.37,7.585385
2024-04-19 18:30:00+00:00,3.0,30.182997,37.083,23.682999,30.825129,37.280323,25.604986,1713573247,1713618181,44933.76,39600.0,0.0,0.0,0.0,0.0,4.6,9.5,87.49497,22.95,6.43176
2024-04-20 18:30:00+00:00,3.0,30.162169,36.982998,22.733,30.297676,37.364326,24.456799,1713659615,1713704589,44973.105,42132.363,0.0,0.0,0.0,0.0,4.652956,9.8,95.11462,25.37,7.649796
2024-04-21 18:30:00+00:00,3.0,30.087166,37.583,22.932999,29.858114,38.424484,24.296738,1713745985,1713790998,45011.984,42139.33,0.0,0.0,0.0,0.0,5.6035705,10.5,143.19801,26.18,7.6537366
2024-04-22 18:30:00+00:00,3.0,29.730917,37.133,22.032999,28.31122,35.779068,21.83686,1713832355,1713877406,45050.664,42146.562,0.0,0.0,0.0,0.0,5.2430906,10.8,129.52728,27.29,8.383096
2024-04-23 18:30:00+00:00,3.0,29.664246,36.732998,21.833,28.60434,35.082073,22.722252,1713918726,1713963815,45089.227,42154.05,0.0,0.0,0.0,0.0,5.2801514,11.1,136.38504,27.27,8.288572
2024-04-24 18:30:00+00:00,3.0,30.216331,37.383,22.483,29.118643,36.42771,21.87083,1714005097,1714050225,45127.645,36329.527,0.0,0.0,0.0,0.0,7.029225,12.2,116.60176,25.36,8.1367855
2024-04-25 18:30:00+00:00,3.0,30.028831,37.083,22.483,29.309736,35.78743,23.812595,1714091468,1714136635,45165.883,42169.793,0.0,0.0,0.0,0.0,6.2289643,11.0,125.71943,26.69,8.266832
2024-04-26 18:30:00+00:00,1.0,29.772581,37.583,21.282999,28.631203,35.758804,21.810354,1714177840,1714223045,45203.918,42178.055,0.0,0.0,0.0,0.0,5.239275,10.6,117.55576,27.39,8.160345
2024-04-27 18:30:00+00:00,3.0,30.29133,38.482998,22.182999,29.758347,37.26757,23.647335,1714264213,1714309455,45241.715,42186.58,0.0,0.0,0.0,0.0,5.0990195,10.4,121.39589,27.17,8.202452
2024-04-28 18:30:00+00:00,3.0,30.318415,37.833,23.833,30.222448,38.841404,24.822638,1714350586,1714395865,45279.242,42195.375,0.0,0.0,0.0,0.0,4.704253,10.1,144.8298,26.74,7.7321534
2024-04-29 18:30:00+00:00,3.0,30.672583,38.433,23.583,30.760225,39.492287,25.17038,1714436959,1714482276,45316.47,42204.438,0.0,0.0,0.0,0.0,4.414748,9.6,143.99915,26.66,7.832189
2024-04-30 18:30:00+00:00,3.0,31.40175,39.333,23.083,32.58906,40.93426,25.67913,1714523333,1714568687,45353.363,40718.92,0.0,0.0,0.0,0.0,3.981206,8.1,235.88998,25.42,6.471513
2024-05-01 18:30:00+00:00,53.0,30.885084,37.732998,24.532999,32.67315,41.12961,27.38171,1714609708,1714655099,45389.883,40990.156,0.6,0.6,0.0,2.0,5.0289164,9.8,202.32286,23.86,6.513172
2024-05-02 18:30:00+00:00,51.0,29.54133,37.383,24.532999,31.54464,41.706635,27.021488,1714696084,1714741511,45426.008,36443.88,0.2,0.2,0.0,2.0,5.3851647,10.6,218.30501,20.86,5.858542
2024-05-03 18:30:00+00:00,51.0,29.26841,37.732998,23.032999,31.287573,39.302387,26.671146,1714782460,1714827923,45461.695,34979.527,0.1,0.1,0.0,1.0,5.0447993,11.8,236.20164,21.82,6.1166563
2024-05-04 18:30:00+00:00,3.0,29.947584,37.533,23.083,30.907463,38.387276,25.128498,1714868837,1714914335,45496.918,37566.652,0.0,0.0,0.0,0.0,4.830114,9.3,232.63551,22.64,6.7353673
2024-05-05 18:30:00+00:00,3.0,30.264246,39.183,23.133,31.745092,41.858322,24.927961,1714955215,1715000748,45531.64,40680.48,0.0,0.0,0.0,0.0,4.4102154,9.1,223.96783,22.95,6.2118526
2024-05-06 18:30:00+00:00,51.0,29.039246,35.783,23.483,31.104156,38.70823,26.106575,1715041594,1715087160,45565.812,37123.137,0.1,0.1,0.0,1.0,3.7643058,8.5,236.8738,22.77,5.912949
2024-05-07 18:30:00+00:00,63.0,27.5205,33.833,21.383,29.209839,36.02598,22.584518,1715127974,1715173574,45599.414,39887.816,6.2000003,6.2000003,0.0,4.0,5.059644,10.5,105.16755,21.38,5.4446497
2024-05-08 18:30:00+00:00,61.0,27.162169,32.633,22.432999,29.465101,36.842724,23.824373,1715214354,1715259987,45632.402,39675.51,4.5,4.5,0.0,5.0,4.5177426,8.6,152.54909,21.18,5.039049
2024-05-09 18:30:00+00:00,63.0,26.512163,32.833,22.282999,28.857023,36.966152,24.872362,1715300736,1715346401,45664.742,36224.74,6.0,6.0,0.0,5.0,4.7169905,9.6,150.14804,22.2,5.2213297
2024-05-10 18:30:00+00:00,3.0,27.330915,33.883,21.532999,29.413279,37.39763,24.332468,1715387118,1715432815,45696.39,38616.344,0.0,0.0,0.0,0.0,4.651881,9.2,128.72003,24.03,5.8880286
2024-05-11 18:30:00+00:00,63.0,26.126749,31.682999,21.833,29.078676,36.398964,24.09698,1715473501,1715519229,45727.33,41483.676,5.8,5.8,0.0,10.0,5.020956,10.1,138.07759,21.73,4.8753495
2024-05-12 18:30:00+00:00,63.0,25.960081,32.533,20.682999,28.762568,36.26997,23.29784,1715559886,1715605644,45757.777,41007.816,4.8999996,4.8999996,0.0,8.0,4.3081317,8.3,102.78009,24.43,5.5519
2024-05-13 18:30:00+00:00,65.0,24.801748,29.083,21.432999,28.01985,35.140842,24.45201,1715646271,1715692059,45787.816,25257.027,16.2,16.2,0.0,9.0,2.7856774,7.2,135.0001,15.53,3.4373064
2024-05-14 18:30:00+00:00,53.0,26.043417,32.083,21.032999,28.553854,35.175606,23.874693,1715732657,1715778475,45817.414,42375.758,1.0,1.0,0.0,2.0,5.186521,9.1,76.70147,24.75,5.6909375
2024-05-15 18:30:00+00:00,61.0,24.364248,27.032999,21.133,27.136065,29.841415,24.71577,1715819044,1715864891,45846.543,9364.392,2.8,2.8,0.0,4.0,3.5608988,6.1,162.9826,11.83,2.7863073
2024-05-16 18:30:00+00:00,65.0,24.030916,29.182999,20.782999,27.432611,33.81953,22.79219,1715905432,1715951307,45875.17,23519.389,14.999999,14.999999,0.0,11.0,3.9849718,9.2,8.530664,16.33,3.4418004
2024-05-17 18:30:00+00:00,65.0,23.939245,29.133,20.983,27.793777,33.623066,24.740166,1715991821,1716037724,45903.273,24751.299,19.500002,19.500002,0.0,15.0,4.9477267,9.3,86.87798,15.94,3.2841256
2024-05-18 18:30:00+00:00,63.0,24.205917,29.133,21.333,28.234419,34.716217,24.75891,1716078210,1716124141,45930.82,23320.363,9.100001,9.100001,0.0,17.0,1.8027756,6.0,34.695164,16.52,3.4298713
2024-05-19 18:30:00+00:00,65.0,23.710077,27.432999,20.983,27.325523,31.407352,23.93104,1716164600,1716210559,45957.785,20040.717,25.2,25.2,0.0,10.0,4.9729266,9.9,72.22861,13.86,2.8829312
2024-05-20 18:30:00+00:00,63.0,24.130915,29.633,21.233,27.549332,32.82503,24.659466,1716250992,1716296976,45984.133,27185.7,10.5,10.5,0.0,12.0,4.924429,10.0,57.86281,17.42,3.6074593
2024-05-21 18:30:00+00:00,63.0,24.751747,29.682999,21.083,27.873724,32.133026,23.734648,1716337383,1716383394,46009.84,34915.793,12.9,12.9,0.0,8.0,5.3535037,11.3,49.33838,18.55,4.089782
2024-05-22 18:30:00+00:00,53.0,25.66008,31.383,20.333,29.499718,36.60804,23.919313,1716423776,1716469811,46034.87,36058.51,0.70000005,0.70000005,0.0,2.0,4.356604,8.1,73.6731,22.06,4.7559967
2024-05-23 18:30:00+00:00,55.0,24.655912,29.682999,21.633,28.228859,35.631344,24.875765,1716510170,1716556229,46059.195,18806.254,3.5,3.5,0.0,7.0,4.4553337,9.7,262.3719,13.34,2.923424
2024-05-24 18:30:00+00:00,51.0,24.974669,29.532999,21.883,26.401846,30.01934,22.613312,1716596564,1716642647,46082.79,24968.412,0.5,0.5,0.0,2.0,6.0827627,11.4,272.11902,15.59,4.0543633
2024-05-25 18:30:00+00:00,61.0,24.591331,29.032999,21.532999,25.088652,30.097767,21.30937,1716682959,1716729065,46105.613,33165.344,2.3999999,2.3999999,0.0,2.0,7.558439,13.8,276.6845,19.74,5.03839
2024-05-26 18:30:00+00:00,3.0,25.345499,30.432999,20.532999,26.54777,32.499073,21.449707,1716769355,1716815483,46127.64,39600.0,0.0,0.0,0.0,0.0,6.61211,12.3,270.6471,23.94,5.6286535
2024-05-27 18:30:00+00:00,3.0,25.616333,32.083,21.233,27.172226,34.472614,22.364637,1716855751,1716901900,46148.844,42579.133,0.0,0.0,0.0,0.0,6.040695,11.5,265.87036,25.09,5.8427196
2024-05-28 18:30:00+00:00,51.0,26.13925,31.982998,20.333,27.911718,34.736233,21.897938,1716942148,1716988318,46169.188,38508.44,0.2,0.2,0.0,2.0,6.200806,10.9,276.2121,24.48,5.756089
2024-05-29 18:30:00+00:00,61.0,25.87258,32.033,21.282999,28.290741,35.517292,23.061644,1717028546,1717074735,46188.637,38448.504,2.3999999,2.3999999,0.0,4.0,4.738143,10.3,283.47607,23.46,5.3938136
2024-05-30 18:30:00+00:00,53.0,26.405914,32.033,21.483,28.78641,34.678356,24.200191,1717114945,1717161152,46207.168,29686.254,1.2,1.2,0.0,4.0,4.920366,9.6,293.65356,20.35,4.905056
2024-05-31 18:30:00+00:00,65.0,25.378832,32.083,22.233,29.116304,37.558308,25.273554,1717201344,1717247569,46224.758,37732.79,28.000002,28.000002,0.0,14.0,4.4407206,9.2,261.89655,20.48,4.350511
2024-06-01 18:30:00+00:00,63.0,25.353828,30.782999,22.333,29.300835,35.49161,25.704597,1717287745,1717333987,46241.535,40934.46,10.3,10.3,0.0,14.0,3.2695565,8.9,306.17725,22.32,4.5956855
2024-06-02 18:30:00+00:00,51.0,24.580915,28.282999,21.932999,27.767122,31.9845,24.957346,1717374146,1717420404,46257.547,28606.303,0.6,0.6,0.0,5.0,3.6235344,7.6,296.1971,17.19,3.6381812
2024-06-03 18:30:00+00:00,61.0,24.443415,29.282999,21.182999,27.851074,33.30155,24.442282,1717460549,1717506822,46272.78,29902.932,7.0999994,7.0999994,0.0,7.0,3.7215588,7.6,239.43082,18.5,3.899762
2024-06-04 18:30:00+00:00,65.0,23.678831,27.483,20.782999,27.063852,30.796288,24.21093,1717546952,1717593240,46287.223,23031.602,20.800001,20.800001,0.0,10.0,3.0463092,7.6,253.48575,15.44,3.1643858
2024-06-05 18:30:00+00:00,61.0,23.532999,27.983,21.333,26.880232,31.16743,24.712107,1717633357,1717679658,46300.863,9589.091,8.4,8.4,0.0,17.0,5.7628117,10.2,249.05592,12.36,2.6675038
2024-06-06 18:30:00+00:00,63.0,23.203836,26.983,21.182999,25.787825,29.154411,24.34648,1717719762,1717766076,46313.69,24509.104,7.2,7.2,0.0,14.0,6.074537,11.8,230.87148,17.32,3.3879158
2024-06-07 18:30:00+00:00,53.0,23.647583,28.682999,20.532999,25.2296,31.304955,22.152882,1717806168,1717852494,46325.684,35467.707,1.9,1.9,0.0,7.0,6.306346,13.0,238.02216,21.21,4.3958693
2024-06-08 18:30:00+00:00,61.0,23.387169,26.983,20.383,24.155634,28.433712,21.621199,1717892575,1717938912,46336.836,36302.38,3.2999997,3.2999997,0.0,8.0,7.8721027,15.0,239.58116,17.86,3.838827
2024-06-09 18:30:00+00:00,53.0,23.57675,27.432999,20.483,24.577356,29.078308,21.426472,1717978982,1718025330,46347.133,36376.586,2.2,2.2,0.0,7.0,7.891768,14.9,251.99997,19.93,4.2739286
2024-06-10 18:30:00+00:00,51.0,23.520498,28.682999,20.983,24.483154,29.57174,22.062607,1718065391,1718111747,46356.562,32316.908,0.6,0.6,0.0,5.0,7.4330344,14.2,260.02316,17.22,3.8516202
2024-06-11 18:30:00+00:00,63.0,22.858,27.583,20.532999,24.094025,28.258923,21.76025,1718151799,1718198165,46365.113,22121.992,6.9,6.9,0.0,12.0,6.7186303,12.8,258.9235,15.29,3.2436655
2024-06-12 18:30:00+00:00,61.0,23.020498,28.532999,19.883,24.32483,30.101753,21.134537,1718238209,1718284582,46372.773,35300.164,3.1000001,3.1000001,0.0,7.0,6.5276337,12.6,264.75824,19.09,3.9748497
2024-06-13 18:30:00+00:00,3.0,23.751749,28.483,20.133,24.896887,29.817661,21.546581,1718324618,1718370998,46379.527,30794.516,0.0,0.0,0.0,0.0,5.8694124,11.2,268.5736,18.93,4.30877
2024-06-14 18:30:00+00:00,3.0,24.064249,29.733,19.282999,25.353424,31.07492,20.924435,1718411029,1718457414,46385.367,39600.0,0.0,0.0,0.0,0.0,4.924429,9.5,258.91876,24.09,5.3561196
2024-06-15 18:30:00+00:00,51.0,23.808,29.133,19.483,25.466162,31.845928,21.132978,1718497439,1718543830,46390.285,42889.984,1.0,1.0,0.0,5.0,5.7271285,11.0,249.26178,21.91,4.6660557
2024-06-16 18:30:00+00:00,53.0,24.010078,29.682999,20.182999,26.03518,32.744106,22.164936,1718583850,1718630245,46394.266,38729.28,0.6,0.6,0.0,2.0,4.7801676,9.4,253.69083,21.49,4.60613
2024-06-17 18:30:00+00:00,61.0,23.664251,29.083,20.182999,25.82239,32.0878,22.439177,1718670261,1718716659,46397.293,42038.285,4.4,4.4,0.0,5.0,6.1684685,12.1,260.23337,20.08,4.1363177
2024-06-18 18:30:00+00:00,63.0,23.274664,29.032999,20.032999,25.302832,31.909237,21.939857,1718756673,1718803072,46399.37,25781.68,5.4,5.4,0.0,8.0,5.400926,11.0,261.9056,16.31,3.5243924
2024-06-19 18:30:00+00:00,51.0,23.370497,28.133,20.282999,24.436728,29.574314,21.799128,1718843084,1718889485,46400.48,25993.64,0.6,0.6,0.0,4.0,6.20967,12.4,251.99216,15.96,3.7388108
2024-06-20 18:30:00+00:00,63.0,23.010084,28.682999,19.583,24.368208,30.567802,20.970947,1718929496,1718975896,46400.605,24630.21,3.2999997,3.2999997,0.0,6.0,6.400781,12.6,258.52295,17.94,3.8401449
2024-06-21 18:30:00+00:00,53.0,23.545496,27.833,19.983,24.872496,29.78724,21.516287,1719015908,1719062308,46399.746,32415.35,1.9000001,1.9000001,0.0,8.0,5.7558665,10.7,264.10724,18.03,3.985233
2024-06-22 18:30:00+00:00,51.0,23.718414,28.182999,20.083,24.693785,30.012909,21.683268,1719102321,1719148719,46397.902,39274.086,1.6000001,1.6000001,0.0,11.0,6.356099,12.3,247.54839,19.37,4.416535
2024-06-23 18:30:00+00:00,55.0,23.574663,29.633,20.333,24.275764,30.82164,20.86042,1719188735,1719235130,46395.09,33109.67,4.1,4.1,0.0,10.0,6.88767,13.5,247.15988,19.21,4.3660192
2024-06-24 18:30:00+00:00,51.0,23.447586,27.233,20.633,24.088982,27.552616,21.7648,1719275149,1719321541,46391.316,19788.555,1.6,1.6,0.0,9.0,8.321659,14.8,244.85072,13.87,3.3719742
2024-06-25 18:30:00+00:00,53.0,23.178831,27.833,20.633,23.486595,29.142021,21.331823,1719361564,1719407951,46386.598,25200.0,2.2000003,2.2000003,0.0,8.0,8.811924,16.0,243.91069,16.76,3.8124866
2024-06-26 18:30:00+00:00,55.0,22.391333,25.532999,20.883,22.958834,24.862015,21.477613,1719447980,1719494361,46380.94,3600.0,6.1000004,6.1000004,0.0,15.0,9.144397,16.1,250.41919,7.67,2.1213315
2024-06-27 18:30:00+00:00,51.0,23.760084,28.983,19.932999,24.473661,29.250198,21.097797,1719534396,1719580770,46374.37,35830.21,0.8,0.8,0.0,6.0,7.17844,13.2,247.06784,19.0,4.417491
2024-06-28 18:30:00+00:00,51.0,23.722582,29.633,19.682999,25.096794,32.016277,21.1053,1719620812,1719667179,46366.887,28348.96,1.0,1.0,0.0,7.0,5.9506307,10.8,248.65125,17.79,4.0292497
2024-06-29 18:30:00+00:00,53.0,23.337164,28.233,20.083,25.178293,30.086094,21.997482,1719707229,1719753587,46358.52,10408.303,1.4000001,1.4000001,0.0,6.0,5.5036354,10.8,242.20743,14.21,3.1788602
2024-06-30 18:30:00+00:00,63.0,22.849663,27.483,20.333,24.344728,29.56474,21.910404,1719793645,1719839995,46349.27,15557.568,9.0,9.0,0.0,14.0,6.1846585,13.3,248.67854,15.11,3.2149928
2024-07-01 18:30:00+00:00,51.0,23.891329,29.282999,19.983,24.368467,28.617954,21.044374,1719880063,1719926402,46339.152,23315.162,0.1,0.1,0.0,1.0,7.406079,13.5,255.80241,14.79,3.9580414
2024-07-02 18:30:00+00:00,63.0,23.118414,29.182999,19.833,24.659449,30.673676,21.532747,1719966480,1720012808,46328.188,30269.02,10.400001,10.400001,0.0,13.0,6.1684685,12.3,254.39737,18.41,3.8406703
2024-07-03 18:30:00+00:00,61.0,22.303831,26.682999,19.883,23.887945,27.659515,21.543217,1720052897,1720099213,46316.387,9388.578,3.8,3.8,0.0,7.0,5.4744864,11.8,262.08932,9.6,2.260294
2024-07-04 18:30:00+00:00,61.0,23.085081,29.633,20.032999,24.50593,31.653316,21.485931,1720139314,1720185618,46303.76,22268.152,6.8999996,6.8999996,0.0,13.0,5.7558665,11.6,250.3128,17.01,3.689246
2024-07-05 18:30:00+00:00,63.0,22.522583,26.432999,19.833,22.912268,25.733393,20.55143,1720225731,1720272021,46290.332,4743.2964,5.8999996,5.8999996,0.0,8.0,7.5927596,14.0,246.1566,11.42,2.9458125
2024-07-06 18:30:00+00:00,53.0,23.245499,28.532999,19.932999,24.087837,29.24849,21.1867,1720312148,1720358424,46276.113,26699.393,1.0,1.0,0.0,3.0,7.467262,13.5,251.7889,16.47,3.9106224
2024-07-07 18:30:00+00:00,61.0,23.070498,27.733,20.282999,23.898623,29.636623,21.495481,1720398565,1720444826,46261.117,19730.877,5.6,5.6,0.0,8.0,6.166036,11.4,251.72543,15.74,3.7538772
2024-07-08 18:30:00+00:00,61.0,23.197584,28.583,19.583,23.894339,29.48935,20.705795,1720484981,1720531227,46245.363,25800.328,2.8999996,2.8999996,0.0,7.0,6.609841,13.8,256.01086,18.61,4.3003325
2024-07-09 18:30:00+00:00,51.0,23.224669,29.182999,19.282999,24.731813,31.427189,20.95359,1720571398,1720617626,46228.86,42991.2,1.5,1.5,0.0,8.0,5.731492,10.8,258.09814,21.32,4.5344076
2024-07-10 18:30:00+00:00,55.0,23.062166,26.782999,20.083,24.51462,27.38655,21.660746,1720657813,1720704025,46211.617,12992.827,3.7,3.7,0.0,7.0,5.308484,10.2,264.66962,13.17,3.0550628
2024-07-11 18:30:00+00:00,63.0,22.75383,29.032999,19.583,24.616943,32.31538,21.4761,1720744229,1720790422,46193.484,26873.268,17.4,17.4,0.0,11.0,6.3788714,12.4,255.79459,19.61,3.908979
2024-07-12 18:30:00+00:00,51.0,22.543417,25.682999,20.333,23.217386,26.037224,21.18924,1720830645,1720876819,46174.426,4725.495,1.2000002,1.2000002,0.0,10.0,7.566373,13.4,259.43756,9.72,2.525241
2024-07-13 18:30:00+00:00,51.0,22.360083,26.383,20.432999,22.5233,25.232979,20.41145,1720917061,1720963215,46154.473,2288.1257,1.5000001,1.5000001,0.0,8.0,7.7162166,13.9,263.2186,8.81,2.544885
2024-07-14 18:30:00+00:00,63.0,21.57258,26.233,20.133,22.153303,27.234259,20.604687,1721003477,1721049610,46133.66,9808.896,16.8,16.8,0.0,17.0,7.543209,16.6,252.53471,10.44,2.080289
2024-07-15 18:30:00+00:00,61.0,21.70175,24.233,20.182999,22.248877,24.566462,20.547009,1721089893,1721136005,46112.01,13816.327,16.2,16.2,0.0,24.0,8.256513,16.2,249.63713,11.65,2.3040206
2024-07-16 18:30:00+00:00,55.0,21.96425,25.633,19.833,22.526468,24.980503,20.678886,1721176309,1721222398,46089.57,2043.7574,5.2,5.2,0.0,17.0,8.438008,15.6,250.78725,9.33,2.2332401
2024-07-17 18:30:00+00:00,61.0,21.985085,25.833,20.333,22.192896,25.053734,20.858986,1721262725,1721308791,46066.36,7624.198,9.3,9.3,0.0,18.0,9.244457,17.9,255.45247,9.89,2.3078082
2024-07-18 18:30:00+00:00,61.0,20.97883,22.182999,20.032999,21.24477,22.457327,19.989637,1721349141,1721395183,46042.414,0.0,14.5,14.5,0.0,24.0,7.6295476,13.6,259.44025,8.01,1.5011454
2024-07-19 18:30:00+00:00,53.0,21.903831,25.032999,19.633,21.652983,23.903158,19.42317,1721435557,1721481575,46017.766,1615.7863,2.8,2.8,0.0,10.0,8.926926,15.8,254.90309,9.2,2.4194489
2024-07-20 18:30:00+00:00,51.0,22.735083,27.083,20.333,22.400505,26.083109,20.52295,1721521973,1721567965,45992.44,17297.107,1.1,1.1,0.0,8.0,9.166243,16.6,255.00955,14.84,3.5570512
2024-07-21 18:30:00+00:00,51.0,22.949667,27.532999,20.383,22.593895,27.461151,19.951698,1721608388,1721654355,45966.48,23728.71,1.4000001,1.4000001,0.0,7.0,9.11976,16.0,263.3316,17.4,4.187658
2024-07-22 18:30:00+00:00,53.0,23.157999,27.083,20.733,23.148428,27.20627,20.735731,1721694804,1721740743,45939.906,17438.523,2.1999998,2.1999998,0.0,9.0,8.309633,15.0,264.10635,16.25,3.8472056
2024-07-23 18:30:00+00:00,51.0,23.085081,27.032999,20.432999,22.99679,26.21954,20.8566,1721781219,1721827131,45912.754,30718.186,1.5000001,1.5000001,0.0,9.0,8.485281,15.0,262.16763,16.74,3.9866886
2024-07-24 18:30:00+00:00,53.0,22.755915,26.733,20.432999,22.690401,26.21852,20.96083,1721867633,1721913518,45885.043,36216.23,2.3,2.3,0.0,11.0,10.031949,17.4,258.24478,18.3,3.923073
2024-07-25 18:30:00+00:00,53.0,22.97258,26.682999,20.833,22.819275,25.7023,20.6828,1721954048,1721999904,45856.82,25853.887,2.2,2.2,0.0,12.0,9.749359,17.2,270.13904,16.39,3.7664359
2024-07-26 18:30:00+00:00,51.0,23.11425,27.282999,20.682999,22.402803,26.643177,19.802986,1722040462,1722086290,45828.1,28121.64,0.6,0.6,0.0,5.0,9.646243,17.4,271.59302,17.38,4.4053936
2024-07-27 18:30:00+00:00,51.0,22.732996,27.133,20.182999,22.021072,27.05966,19.445936,1722126875,1722172674,45798.918,31103.02,0.2,0.2,0.0,2.0,9.5,17.9,260.56015,17.23,4.2339582
2024-07-28 18:30:00+00:00,55.0,23.205915,28.233,20.483,23.742094,28.66262,20.323486,1722213289,1722259057,45769.31,30119.48,3.6999998,3.6999998,0.0,13.0,8.367796,15.8,251.0352,18.7,4.058409
2024-07-29 18:30:00+00:00,61.0,21.091331,22.682999,20.133,22.231369,24.312225,21.313532,1722299701,1722345440,45739.285,2340.0686,11.700001,11.700001,0.0,23.0,6.854196,12.2,248.12077,6.92,1.3270426
2024-07-30 18:30:00+00:00,63.0,21.907997,26.182999,19.932999,23.214266,27.169657,20.978285,1722386113,1722431822,45708.87,21810.775,10.600001,10.600001,0.0,14.0,6.053098,11.6,254.14735,14.2,2.8296425
2024-07-31 18:30:00+00:00,53.0,22.289251,27.733,20.133,23.535086,30.180565,20.941402,1722472525,1722518203,45677.84,29296.76,3.4,3.4,0.0,12.0,7.3109508,13.1,259.04922,17.82,3.531172
2024-08-01 18:30:00+00:00,53.0,22.51008,26.633,20.133,23.57251,27.641113,21.524744,1722558937,1722604582,45646.12,24664.793,4.2999997,4.2999997,0.0,17.0,7.203471,13.9,256.67905,14.93,3.1976976
2024-08-02 18:30:00+00:00,63.0,22.135084,27.282999,19.333,23.194826,29.454208,20.047533,1722645348,1722690961,45613.754,26401.559,7.6000004,7.6000004,0.0,14.0,7.1175838,12.7,257.731,16.26,3.2906437
2024-08-03 18:30:00+00:00,53.0,23.095503,28.032999,19.633,24.777319,30.639069,20.915304,1722731758,1722777339,45580.773,38388.645,2.0,2.0,0.0,5.0,6.041523,11.6,262.18005,22.45,4.4990687
2024-08-04 18:30:00+00:00,55.0,22.618416,27.583,18.983,24.860983,30.928692,20.667107,1722818169,1722863715,45547.22,23940.342,1.2,1.2,0.0,2.0,4.3289723,8.4,264.01865,17.09,3.5540137
2024-08-05 18:30:00+00:00,61.0,22.124666,25.233,19.932999,24.487982,28.029514,21.914267,1722904579,1722950091,45513.12,11565.342,8.6,8.6,0.0,18.0,4.2579336,8.1,278.59982,12.82,2.6134531
2024-08-06 18:30:00+00:00,53.0,21.822584,24.833,20.133,23.938059,26.32825,22.349981,1722990988,1723036466,45478.52,8285.539,5.2,5.2,0.0,16.0,4.7675986,9.6,268.23514,11.85,2.4329813
2024-08-07 18:30:00+00:00,63.0,22.247581,26.983,19.383,24.12734,29.898594,21.324116,1723077398,1723122841,45443.445,25936.516,16.099998,16.099998,0.0,14.0,4.830114,9.2,282.70358,17.68,3.5878675
2024-08-08 18:30:00+00:00,63.0,22.96633,27.833,19.583,25.11983,29.974987,21.570341,1723163807,1723209214,45407.94,30675.006,12.4,12.4,0.0,14.0,5.060632,9.9,299.08673,18.6,3.8214507
2024-08-09 18:30:00+00:00,63.0,22.701746,26.432999,20.182999,25.178688,29.048637,22.783112,1723250216,1723295587,45372.03,22485.174,19.2,19.2,0.0,16.0,4.6010866,8.8,306.92294,14.81,2.9865584
2024-08-10 18:30:00+00:00,53.0,23.455915,27.733,20.083,25.87609,31.190945,22.175365,1723336624,1723381959,45335.754,31283.123,2.9999998,2.9999998,0.0,11.0,4.118252,8.2,324.8103,19.7,4.004278
2024-08-11 18:30:00+00:00,53.0,23.937166,28.733,20.133,26.63091,32.61414,22.640371,1723423032,1723468331,45299.133,36000.0,2.4,2.4,0.0,10.0,3.8118236,7.6,347.41614,21.86,4.5394216
2024-08-12 18:30:00+00:00,63.0,23.693415,28.532999,20.133,26.986908,32.26159,23.091135,1723509440,1723554701,45262.215,42034.984,12.700002,12.700002,0.0,13.0,3.1953092,6.7,62.723335,21.4,4.3145914
2024-08-13 18:30:00+00:00,51.0,24.355913,28.383,20.182999,27.607157,32.95503,23.475168,1723595847,1723641072,45225.02,39134.938,1.5,1.5,0.0,8.0,3.1144822,6.2,86.185974,22.73,4.720715
2024-08-14 18:30:00+00:00,55.0,24.478834,28.633,21.583,27.992584,32.61531,23.84726,1723682254,1723727441,45187.59,42566.14,2.0,2.0,0.0,6.0,3.0805843,6.0,137.71123,22.82,4.630868
2024-08-15 18:30:00+00:00,63.0,23.722582,28.532999,20.333,27.425657,34.144485,23.639011,1723768661,1723813810,45149.938,29535.734,13.3,13.3,0.0,15.0,3.224903,6.3,184.79002,18.18,3.7318091
2024-08-16 18:30:00+00:00,55.0,23.805914,28.733,19.383,27.474058,33.776283,22.202389,1723855068,1723900179,45112.11,37246.78,3.7,3.7,0.0,11.0,3.0805843,6.6,215.58177,20.78,4.2647705
2024-08-17 18:30:00+00:00,51.0,23.966333,28.883,19.032999,27.353731,33.844875,21.584995,1723941474,1723986547,45074.13,39623.113,0.1,0.1,0.0,1.0,2.1023796,4.9,202.48851,21.86,4.4387703
2024-08-18 18:30:00+00:00,63.0,23.470499,27.833,20.583,27.296755,34.06993,23.551737,1724027880,1724072915,45036.027,36759.258,17.400002,17.400002,0.0,18.0,2.3430748,6.2,190.1428,18.92,3.7942128
2024-08-19 18:30:00+00:00,65.0,23.368418,28.583,19.782999,26.924904,34.09809,22.739847,1724114285,1724159282,44997.816,35332.89,19.7,19.7,0.0,8.0,4.2059484,7.2,172.40544,21.02,4.3263254
2024-08-20 18:30:00+00:00,51.0,23.145498,27.282999,20.483,25.214895,30.74691,21.09311,1724200690,1724245649,44959.246,32819.645,1.2,1.2,0.0,9.0,5.7688823,12.3,207.80344,19.82,4.0701165
2024-08-21 18:30:00+00:00,51.0,23.024666,27.282999,19.483,23.78881,28.836731,20.125675,1724287095,1724332014,44920.23,37431.57,0.4,0.4,0.0,4.0,7.4094534,13.1,233.11067,18.96,4.019475
2024-08-22 18:30:00+00:00,51.0,23.016329,27.233,18.932999,24.31529,28.974049,20.379528,1724373499,1724418379,44880.816,37190.01,0.1,0.1,0.0,1.0,6.1587334,11.3,233.59053,18.49,3.9165895
2024-08-23 18:30:00+00:00,61.0,22.666334,27.182999,19.483,23.321222,28.705078,20.61822,1724459903,1724504743,44841.023,31903.225,3.7999997,3.7999997,0.0,8.0,7.247069,13.5,239.58572,18.26,3.8508003
2024-08-24 18:30:00+00:00,51.0,22.566332,26.983,19.682999,22.838799,27.407406,20.184984,1724546306,1724591106,44800.89,25330.45,0.90000004,0.90000004,0.0,6.0,7.7929454,14.0,251.18326,17.59,3.8341877
2024-08-25 18:30:00+00:00,51.0,22.85383,28.032999,19.282999,23.120249,28.362911,19.575205,1724632709,1724677469,44760.445,31203.736,1.2000002,1.2000002,0.0,11.0,7.6902537,14.1,251.81773,19.28,4.2641034
2024-08-26 18:30:00+00:00,53.0,22.591331,26.583,19.633,23.44567,27.33129,20.50373,1724719111,1724763831,44719.723,16662.098,1.7,1.7,0.0,9.0,6.3788714,11.8,251.14081,13.71,3.11239
2024-08-27 18:30:00+00:00,53.0,22.210081,26.532999,19.532999,22.998991,26.46504,20.202127,1724805514,1724850192,44678.758,5648.8853,1.4000001,1.4000001,0.0,7.0,6.503076,11.6,257.82263,11.7,2.8285153
2024-08-28 18:30:00+00:00,63.0,21.7455,27.032999,19.233,22.902903,29.421509,20.296333,1724891916,1724936553,44637.566,20222.098,9.400001,9.400001,0.0,9.0,6.503076,12.0,261.4667,15.39,3.0549269
2024-08-29 18:30:00+00:00,53.0,21.685081,25.733,19.633,23.00171,27.402243,20.639,1724978318,1725022913,44596.188,14227.829,3.8999996,3.8999996,0.0,15.0,5.8189344,11.5,267.25842,13.22,2.6075606
2024-08-30 18:30:00+00:00,53.0,21.424667,23.682999,19.532999,22.304941,24.465815,19.967396,1725064719,1725109273,44554.65,0.0,4.5999994,4.5999994,0.0,19.0,6.2128897,11.3,272.14868,8.8,1.8842965
2024-08-31 18:30:00+00:00,61.0,22.224669,26.833,20.032999,23.280586,27.723839,21.116236,1725151121,1725195633,44512.98,13046.924,5.2999997,5.2999997,0.0,12.0,7.392564,14.7,280.30026,13.93,2.9186332
2024-09-01 18:30:00+00:00,55.0,22.7455,27.333,20.282999,24.183762,29.390564,21.422516,1725237522,1725281992,44471.203,37499.383,4.1,4.1,0.0,10.0,5.707889,11.9,257.67224,19.73,3.8832777
2024-09-02 18:30:00+00:00,51.0,22.999666,27.583,19.833,24.107405,28.889202,20.895994,1725323923,1725368352,44429.355,35435.48,1.4000001,1.4000001,0.0,9.0,6.600757,12.0,257.74173,18.72,3.9359126
2024-09-03 18:30:00+00:00,51.0,23.068415,27.682999,19.633,24.074018,29.08751,20.470798,1725410324,1725454711,44387.46,30131.648,0.5,0.5,0.0,4.0,7.0,14.2,266.51505,18.6,3.9820366
2024-09-04 18:30:00+00:00,51.0,23.101746,27.633,19.733,24.172277,29.944637,20.589403,1725496725,1725541070,44345.547,29868.559,0.5,0.5,0.0,5.0,6.129437,12.0,269.64252,18.04,3.8865712
2024-09-05 18:30:00+00:00,51.0,22.720499,26.983,19.682999,24.016968,27.936733,20.78185,1725583126,1725627429,44303.64,21473.246,1.6000001,1.6000001,0.0,11.0,5.920304,11.4,273.29846,15.39,3.3097596
2024-09-06 18:30:00+00:00,63.0,22.337166,27.483,19.532999,23.761992,29.884571,20.658777,1725669527,1725713788,44261.77,20740.709,11.9,11.9,0.0,10.0,6.0207973,11.4,273.7914,15.59,3.1867094
2024-09-07 18:30:00+00:00,53.0,22.151749,25.583,20.083,22.984041,26.176664,20.921728,1725755928,1725800148,44219.96,4266.3047,2.6000001,2.6000001,0.0,10.0,6.5069194,11.8,265.21698,10.99,2.5064938
2024-09-08 18:30:00+00:00,63.0,22.768415,28.282999,20.083,23.583548,29.275326,20.9203,1725842329,1725886507,44178.223,23034.795,5.9999995,5.9999995,0.0,10.0,7.1344237,13.2,259.53528,15.49,3.4736135
2024-09-09 18:30:00+00:00,51.0,23.201746,28.282999,19.682999,23.715971,28.307766,20.69565,1725928730,1725972866,44136.297,39106.39,1.9000001,1.9000001,0.0,12.0,8.29759,14.6,254.02066,21.25,4.52878
2024-09-10 18:30:00+00:00,51.0,23.251747,28.633,19.383,24.034906,29.891258,20.548326,1726015131,1726059224,44094.105,32992.414,0.7,0.7,0.0,6.0,6.356886,12.5,254.081,20.42,4.5390916
2024-09-11 18:30:00+00:00,51.0,23.216331,28.983,19.333,24.200308,30.086529,20.404467,1726101531,1726145582,44051.676,32825.2,0.70000005,0.70000005,0.0,6.0,6.152235,11.5,261.59988,20.29,4.444829
2024-09-12 18:30:00+00:00,3.0,23.001749,28.333,18.383,24.027245,29.036552,19.97575,1726187931,1726231940,44009.03,37314.484,0.0,0.0,0.0,0.0,5.770615,10.7,272.57782,20.62,4.5398636
2024-09-13 18:30:00+00:00,51.0,22.987162,28.282999,18.633,24.4401,29.789402,20.637758,1726274331,1726318297,43966.215,37092.67,0.90000004,0.90000004,0.0,4.0,5.8189344,10.9,277.5797,22.13,4.6839232
2024-09-14 18:30:00+00:00,51.0,23.197584,28.333,18.282999,24.491808,30.133274,19.84418,1726360731,1726404653,43923.242,40907.984,0.6,0.6,0.0,6.0,5.1662364,10.3,284.24802,22.96,4.8960533
2024-09-15 18:30:00+00:00,51.0,22.674667,28.282999,17.432999,23.808668,28.43629,18.885212,1726447130,1726491010,43880.145,40463.977,0.7,0.7,0.0,3.0,6.2649817,11.9,287.34244,22.91,4.8226447
2024-09-16 18:30:00+00:00,51.0,22.95175,28.133,18.483,24.149252,29.823448,19.75382,1726533530,1726577366,43836.945,39929.414,0.4,0.4,0.0,3.0,5.6753855,11.8,283.5149,22.01,4.584162
2024-09-17 18:30:00+00:00,3.0,22.901747,28.282999,17.782999,23.630796,29.528053,18.916416,1726619929,1726663723,43793.68,41203.375,0.0,0.0,0.0,0.0,4.652956,9.6,290.0866,26.67,5.5920506
2024-09-18 18:30:00+00:00,51.0,22.835081,28.733,17.282999,24.15051,30.780533,18.86723,1726706329,1726750079,43750.375,40456.824,0.6,0.6,0.0,4.0,5.1009803,8.3,272.60657,24.54,5.2305584
2024-09-19 18:30:00+00:00,51.0,23.682997,28.733,19.483,25.33409,30.701756,20.963724,1726792729,1726836435,43707.05,39834.703,0.1,0.1,0.0,1.0,3.7013512,8.3,270.8411,23.68,4.990366
2024-09-20 18:30:00+00:00,51.0,23.876747,29.133,18.983,24.975367,30.850231,20.376682,1726879128,1726922792,43663.74,40043.363,0.1,0.1,0.0,1.0,5.162364,10.6,284.80917,21.61,4.8997674
2024-09-21 18:30:00+00:00,55.0,23.891333,28.932999,19.383,25.03734,30.096718,20.828384,1726965528,1727009148,43620.46,31858.902,1.4000001,1.4000001,0.0,3.0,5.360038,10.5,292.46906,19.45,4.4818134
2024-09-22 18:30:00+00:00,63.0,23.393415,29.233,19.932999,25.137505,32.1714,21.378117,1727051928,1727095505,43577.25,28302.434,5.2999997,5.2999997,0.0,10.0,5.565968,10.3,276.9325,18.12,3.9241743
2024-09-23 18:30:00+00:00,61.0,22.933,28.432999,20.432999,24.31941,30.740246,21.679373,1727138329,1727181862,43534.137,22347.576,4.3999996,4.3999996,0.0,12.0,6.5253353,12.6,259.82584,14.81,3.2356904
2024-09-24 18:30:00+00:00,55.0,23.228834,28.633,20.233,24.470907,30.394142,21.560991,1727224730,1727268220,43491.133,31215.57,2.4999998,2.4999998,0.0,9.0,6.504806,11.9,264.01898,17.13,3.736222
2024-09-25 18:30:00+00:00,51.0,23.47258,28.682999,19.432999,24.688639,29.5928,20.935858,1727311131,1727354578,43448.28,31661.61,0.6,0.6,0.0,4.0,5.425173,10.0,256.80893,17.82,4.0401793
2024-09-26 18:30:00+00:00,53.0,23.24341,28.633,19.282999,25.22928,31.409271,21.025097,1727397532,1727440937,43405.6,34838.35,1.5000001,1.5000001,0.0,4.0,4.658594,8.8,255.99252,19.09,4.0458527
2024-09-27 18:30:00+00:00,53.0,23.097582,28.383,19.532999,26.04025,32.1141,22.266851,1727483934,1727527297,43363.12,34340.0,3.0,3.0,0.0,11.0,4.2898135,7.2,16.232468,19.98,4.043615
2024-09-28 18:30:00+00:00,61.0,23.903831,28.383,20.182999,26.634592,32.135105,22.600487,1727570336,1727613657,43320.848,37534.48,5.4999995,5.4999995,0.0,13.0,3.3615475,6.9,101.17304,20.4,4.2285566
2024-09-29 18:30:00+00:00,51.0,24.405912,30.032999,20.333,26.830389,33.20846,23.371456,1727656739,1727700017,43278.51,37711.2,0.1,0.1,0.0,1.0,3.7901187,7.1,119.2291,23.16,5.045326
2024-09-30 18:30:00+00:00,51.0,24.714247,30.483,19.633,27.703669,34.7192,22.398926,1727743142,1727786377,43236.027,39600.0,0.4,0.4,0.0,3.0,2.9347062,6.8,131.99414,22.67,4.7318807
2024-10-01 18:30:00+00:00,63.0,24.04133,29.733,20.233,26.860596,34.141304,22.34027,1727829544,1727872737,43193.426,39627.875,9.799999,9.799999,0.0,11.0,4.0660176,8.3,199.98318,22.17,4.6218925
2024-10-02 18:30:00+00:00,63.0,23.262167,28.233,19.833,25.78591,30.909302,21.981884,1727915947,1727959097,43150.734,28914.236,4.2,4.2,0.0,6.0,4.3104525,8.9,291.95987,19.48,3.9611273
2024-10-03 18:30:00+00:00,63.0,23.437162,28.432999,19.733,26.101784,32.142834,22.522121,1728002350,1728045457,43107.984,29647.04,7.2,7.2,0.0,5.0,3.4300146,7.7,291.34763,19.36,4.0671616
2024-10-04 18:30:00+00:00,61.0,22.278831,26.733,19.932999,24.861773,29.392258,22.487703,1728088753,1728131818,43065.203,13355.061,11.3,11.3,0.0,13.0,3.9824615,7.9,306.02325,12.77,2.6316633
2024-10-05 18:30:00+00:00,51.0,23.155914,27.233,19.483,25.627611,29.165375,22.319483,1728175156,1728218178,43022.42,31830.914,0.5,0.5,0.0,2.0,3.1535695,6.9,89.99998,15.96,3.4032087
2024-10-06 18:30:00+00:00,53.0,22.949663,28.782999,19.032999,24.625763,30.405624,21.138561,1728261560,1728304539,42979.67,36716.348,0.9,0.9,0.0,4.0,6.527059,12.0,86.27783,21.4,4.4339695
2024-10-07 18:30:00+00:00,63.0,23.120497,27.733,19.833,25.526,29.879158,22.704655,1728347964,1728390900,42936.984,28332.041,10.7,10.7,0.0,9.0,3.7326264,6.7,126.963066,15.39,3.329562
2024-10-08 18:30:00+00:00,63.0,23.151749,27.932999,20.133,25.63785,31.061916,22.738455,1728434368,1728477262,42894.39,39591.805,5.2,5.2,0.0,8.0,3.996561,8.3,131.14838,21.66,4.28608
2024-10-09 18:30:00+00:00,63.0,22.689247,27.432999,19.733,25.296783,30.668102,22.730515,1728520773,1728563624,42851.92,31178.975,6.5,6.5,0.0,12.0,4.8646684,9.1,150.24129,19.2,3.8751128
2024-10-10 18:30:00+00:00,61.0,22.757996,27.733,19.733,25.233093,31.119816,21.963114,1728607178,1728649987,42809.6,35805.87,4.8999996,4.8999996,0.0,12.0,4.8104053,8.7,128.49359,18.95,3.7734778
2024-10-11 18:30:00+00:00,63.0,23.089249,27.983,20.182999,25.395576,31.530659,22.696712,1728693583,1728736350,42767.473,35749.023,7.2,7.2,0.0,8.0,4.2617483,9.5,111.50507,17.47,3.584184
2024-10-12 18:30:00+00:00,51.0,23.149664,27.733,20.233,25.046286,29.692863,22.106253,1728779989,1728822714,42725.55,36892.254,1.8000001,1.8000001,0.0,11.0,5.4589376,10.3,103.647835,18.13,3.8317466
2024-10-13 18:30:00+00:00,63.0,20.885084,23.282999,19.182999,23.515676,25.30742,22.149057,1728866396,1728909079,42683.887,0.0,14.400001,14.400001,0.0,13.0,3.8003287,7.9,0.9655204,5.38,1.2361318
2024-10-14 18:30:00+00:00,63.0,21.11425,23.032999,19.682999,23.56127,25.710623,21.823727,1728952803,1728995445,42642.496,371.63486,31.499998,31.499998,0.0,24.0,4.425494,8.8,43.09228,7.49,1.5343372
2024-10-15 18:30:00+00:00,63.0,20.65383,22.782999,19.133,23.355408,25.517954,22.15487,1729039211,1729081812,42601.42,1377.311,13.300001,13.300001,0.0,15.0,3.231099,7.5,316.0436,7.72,1.57345
2024-10-16 18:30:00+00:00,51.0,22.710085,26.883,19.682999,25.097826,29.80156,22.111286,1729125619,1729168179,42560.688,34366.613,0.8000001,0.8000001,0.0,7.0,4.0770698,8.5,243.88058,18.46,3.6931863
2024-10-17 18:30:00+00:00,65.0,22.085083,27.483,19.432999,24.80185,31.171135,21.881084,1729212029,1729254548,42520.336,23693.61,8.400001,8.400001,0.0,7.0,5.1312766,9.2,250.70126,15.65,3.1188884
2024-10-18 18:30:00+00:00,61.0,21.330915,24.583,18.782999,24.126427,28.026794,21.400604,1729298438,1729340918,42480.383,13655.721,8.5,8.5,0.0,14.0,2.7973201,5.2,16.81108,12.0,2.401416
2024-10-19 18:30:00+00:00,63.0,21.595499,26.233,19.233,24.476227,29.513348,22.145443,1729384849,1729427289,42440.52,20349.777,21.100002,21.100002,0.0,18.0,3.2469218,7.0,59.91774,12.85,2.5488412
2024-10-20 18:30:00+00:00,63.0,22.105913,26.682999,19.532999,25.167107,31.146309,22.2808,1729471260,1729513660,42400.656,27691.875,17.8,17.8,0.0,14.0,2.8231187,7.1,112.698105,15.6,3.0792568
2024-10-21 18:30:00+00:00,65.0,21.864248,27.432999,18.233,24.963251,32.560623,20.458727,1729557671,1729600031,42360.83,28919.496,27.3,27.3,0.0,13.0,3.3185086,8.0,90.20136,18.8,3.7826157
2024-10-22 18:30:00+00:00,65.0,22.328833,27.432999,19.083,25.618326,32.263958,22.029581,1729644083,1729686404,42321.074,37237.266,20.099998,20.099998,0.0,16.0,2.8987067,5.9,52.754253,20.57,4.0345054
2024-10-23 18:30:00+00:00,51.0,21.835083,26.083,18.932999,24.717676,30.018803,21.173624,1729730495,1729772776,42281.418,22870.05,1.1,1.1,0.0,9.0,1.724094,5.0,254.84584,15.49,3.0574207
2024-10-24 18:30:00+00:00,3.0,21.778831,26.883,17.233,23.733614,29.968239,18.611052,1729816908,1729859150,42241.914,37145.734,0.0,0.0,0.0,0.0,2.4129858,5.3,338.7494,20.99,4.179395
2024-10-25 18:30:00+00:00,3.0,21.526749,26.532999,16.932999,22.569952,28.288288,17.567272,1729903322,1729945524,42202.574,39415.33,0.0,0.0,0.0,0.0,3.6582098,7.6,348.98206,22.04,4.407858
2024-10-26 18:30:00+00:00,2.0,21.016333,26.583,15.383,22.238192,29.81295,15.639946,1729989735,1730031898,42163.457,39399.664,0.0,0.0,0.0,0.0,3.0610456,6.2,322.85898,20.97,4.1608515
2024-10-27 18:30:00+00:00,3.0,21.814249,27.032999,16.383,23.71557,30.89344,17.519798,1730076150,1730118274,42124.586,39383.426,0.0,0.0,0.0,0.0,2.4864633,5.2,262.86206,22.15,4.356472
2024-10-28 18:30:00+00:00,51.0,22.401749,27.532999,17.383,24.472025,30.584892,18.986431,1730162565,1730204650,42086.008,39366.6,0.4,0.4,0.0,4.0,2.7060118,5.5,306.50876,21.14,4.2567444
2024-10-29 18:30:00+00:00,51.0,22.237167,27.182999,17.682999,24.897593,31.582745,18.937561,1730248980,1730291028,42047.754,39349.188,1.1,1.1,0.0,6.0,2.0886598,4.4,87.44713,20.21,3.9960551
2024-10-30 18:30:00+00:00,63.0,22.397583,27.682999,18.233,25.317404,32.64544,20.190159,1730335397,1730377406,42009.863,37419.77,4.0,4.0,0.0,4.0,2.7865748,4.7,109.46595,18.03,3.5994349
2024-10-31 18:30:00+00:00,63.0,22.155914,26.733,19.633,24.93122,30.074787,22.278233,1730421813,1730463785,41972.375,35712.574,8.200001,8.200001,0.0,14.0,2.6706738,5.5,104.036285,17.18,3.3351455
2024-11-01 18:30:00+00:00,51.0,22.026749,27.532999,18.682999,23.96322,30.081371,20.684225,1730508231,1730550165,41935.33,39293.363,1.2000002,1.2000002,0.0,9.0,5.5145264,10.3,89.415825,19.45,3.9094796
2024-11-02 18:30:00+00:00,51.0,22.249666,27.583,19.383,23.924126,29.478828,21.645494,1730594649,1730636547,41898.773,39273.527,0.7,0.7,0.0,4.0,4.875705,9.5,95.80597,18.34,3.7294
2024-11-03 18:30:00+00:00,51.0,22.255915,26.932999,19.432999,23.835932,28.940548,20.90578,1730681067,1730722929,41862.734,39253.086,1.0,1.0,0.0,7.0,4.101219,8.6,87.1799,19.05,3.9050882
2024-11-04 18:30:00+00:00,3.0,21.785082,26.932999,17.032999,22.439087,27.933773,17.805666,1730767486,1730809313,41827.266,39232.03,0.0,0.0,0.0,0.0,3.764638,8.0,64.42178,19.74,4.206205
2024-11-05 18:30:00+00:00,51.0,22.126749,27.633,16.182999,22.615206,29.400051,16.57394,1730853906,1730895698,41792.402,29427.918,0.1,0.1,0.0,1.0,4.5762978,8.3,49.90893,20.19,4.5372653
2024-11-06 18:30:00+00:00,51.0,22.464247,27.282999,18.932999,23.64415,28.947266,20.220217,1730940326,1730982084,41758.184,37473.383,1.3000001,1.3000001,0.0,5.0,5.5394044,11.2,57.71636,17.47,3.6920195
2024-11-07 18:30:00+00:00,3.0,22.705917,28.833,18.133,23.557734,29.735191,19.232443,1731026747,1731068471,41724.65,39142.13,0.0,0.0,0.0,0.0,4.7853947,9.7,68.26949,22.18,4.747471
2024-11-08 18:30:00+00:00,3.0,22.101751,27.633,17.932999,22.431265,28.1805,18.745173,1731113169,1731154860,41691.48,36620.387,0.0,0.0,0.0,0.0,4.7691717,9.4,65.08552,20.92,4.624924
2024-11-09 18:30:00+00:00,51.0,21.845499,26.833,17.333,22.361862,27.394836,18.42681,1731199592,1731241250,41658.586,39068.492,0.4,0.4,0.0,3.0,4.545327,9.3,58.284534,20.43,4.435487
2024-11-10 18:30:00+00:00,3.0,22.124664,27.682999,17.133,22.391403,28.173126,18.0682,1731286015,1731327640,41626.008,39032.07,0.0,0.0,0.0,0.0,4.690682,9.6,42.660286,21.95,4.7984824
2024-11-11 18:30:00+00:00,51.0,22.130913,26.883,18.833,22.958763,27.239418,18.850845,1731372439,1731414032,41593.773,24518.39,0.90000004,0.90000004,0.0,5.0,5.108816,10.1,40.616554,11.94,2.8931942
2024-11-12 18:30:00+00:00,63.0,22.20175,26.833,19.733,24.033316,28.538185,21.566504,1731458864,1731500425,41561.93,28721.328,9.900001,9.900001,0.0,6.0,4.8270073,11.7,72.11345,13.4,2.7765665
2024-11-13 18:30:00+00:00,63.0,21.828833,25.583,19.733,23.810509,27.452322,21.493446,1731545289,1731586819,41530.504,24374.008,5.9999995,5.9999995,0.0,9.0,4.5,11.6,85.33641,13.36,2.6283567
2024-11-14 18:30:00+00:00,63.0,21.970499,26.833,19.782999,24.061592,29.887169,21.698404,1731631715,1731673214,41499.543,29485.111,10.000001,10.000001,0.0,9.0,4.268782,10.4,76.179794,14.72,2.9527602
2024-11-15 18:30:00+00:00,55.0,21.939247,26.182999,19.483,23.818352,28.133892,21.711601,1731718141,1731759610,41469.082,32188.74,3.4,3.4,0.0,9.0,4.787745,12.2,80.45396,16.64,3.2328064
2024-11-16 18:30:00+00:00,51.0,22.622583,27.233,19.682999,24.245192,29.66383,21.43613,1731804568,1731846007,41439.164,38014.035,0.5,0.5,0.0,5.0,3.905125,10.0,79.179214,17.84,3.7136683
2024-11-17 18:30:00+00:00,51.0,22.212166,26.733,18.833,23.32409,27.189758,20.253057,1731890996,1731932405,41409.824,38788.637,0.1,0.1,0.0,1.0,4.1355166,10.7,79.80732,17.59,3.703012
2024-11-18 18:30:00+00:00,3.0,22.164251,27.182999,18.432999,23.059355,28.896091,19.595022,1731977424,1732018804,41381.098,38756.082,0.0,0.0,0.0,0.0,3.7696154,9.3,66.55282,18.93,4.093071
2024-11-19 18:30:00+00:00,3.0,21.96425,27.932999,17.432999,22.71224,28.99234,18.249838,1732063852,1732105204,41353.035,38059.258,0.0,0.0,0.0,0.0,3.444198,9.3,88.022095,20.13,4.2220573
2024-11-20 18:30:00+00:00,3.0,21.874666,27.383,17.083,22.608438,28.23838,17.97993,1732150280,1732191606,41325.676,33653.516,0.0,0.0,0.0,0.0,3.384154,7.4,77.209114,16.93,3.6696353
2024-11-21 18:30:00+00:00,3.0,21.75383,27.782999,16.233,22.404602,29.131348,16.793846,1732236709,1732278008,41299.06,35519.52,0.0,0.0,0.0,0.0,3.3514922,8.3,71.9845,21.52,4.5202203
2024-11-22 18:30:00+00:00,3.0,22.203835,28.532999,16.583,22.955956,30.283752,17.104588,1732323138,1732364411,41273.227,30245.828,0.0,0.0,0.0,0.0,3.0536864,7.7,79.415085,20.03,4.3550234
2024-11-23 18:30:00+00:00,3.0,22.816332,29.032999,17.182999,23.543533,30.397785,18.230778,1732409568,1732450816,41248.22,35259.39,0.0,0.0,0.0,0.0,3.4481878,8.6,75.42576,20.95,4.6947455
2024-11-24 18:30:00+00:00,3.0,22.012163,27.633,17.032999,22.337128,27.61767,17.805191,1732495997,1732537221,41224.08,32975.41,0.0,0.0,0.0,0.0,3.1503966,8.8,65.71883,18.23,4.0929723
2024-11-25 18:30:00+00:00,3.0,21.547585,26.083,17.983,21.910599,26.597378,18.073416,1732582427,1732623627,41200.848,26446.963,0.0,0.0,0.0,0.0,4.986231,12.1,45.697807,14.03,3.3035665
2024-11-26 18:30:00+00:00,3.0,21.622581,26.282999,18.782999,21.829391,26.519993,19.141869,1732668857,1732710035,41178.58,21636.049,0.0,0.0,0.0,0.0,5.519511,13.5,39.249836,14.39,3.377842
2024-11-27 18:30:00+00:00,3.0,21.34758,26.782999,17.432999,20.634623,26.396929,17.090096,1732755286,1732796443,41157.29,38500.74,0.0,0.0,0.0,0.0,4.6057034,11.7,26.696112,20.65,4.694958
2024-11-28 18:30:00+00:00,51.0,21.560081,25.282999,18.083,21.075844,25.3674,16.747139,1732841717,1732882853,41136.754,31274.076,0.8,0.8,0.0,2.0,5.7982755,14.4,25.84391,13.82,3.6055846
2024-11-29 18:30:00+00:00,51.0,20.897583,23.483,18.932999,21.427118,23.493277,19.73847,1732928148,1732969265,41116.91,0.0,0.3,0.3,0.0,1.0,5.7606425,13.9,354.74207,5.26,1.6099627
2024-11-30 18:30:00+00:00,63.0,21.314247,24.383,19.782999,22.282106,24.840458,20.645075,1733014580,1733055677,41097.77,1065.3994,8.0,8.0,0.0,20.0,6.1955633,14.6,350.17233,7.26,1.710388
2024-12-01 18:30:00+00:00,63.0,21.15175,23.133,20.282999,23.178228,26.409668,21.56329,1733101012,1733142091,41079.36,620.9475,35.0,35.0,0.0,22.0,5.0064955,11.1,40.265278,4.16,0.9199693
2024-12-02 18:30:00+00:00,63.0,22.087164,25.932999,19.883,24.581108,29.526566,22.113699,1733187445,1733228507,41061.71,29802.39,4.7000003,4.7000003,0.0,8.0,3.8059163,8.7,119.42842,13.59,2.643755
2024-12-03 18:30:00+00:00,3.0,21.81633,25.733,18.633,23.672064,27.738377,20.18681,1733273878,1733314923,41044.836,37274.82,0.0,0.0,0.0,0.0,4.366062,10.5,95.84945,16.82,3.2133465
2024-12-04 18:30:00+00:00,51.0,22.160082,26.032999,19.733,24.391632,28.960037,21.950594,1733360312,1733401340,41028.766,38352.137,0.8,0.8,0.0,6.0,3.0842342,8.2,102.022644,17.09,3.3070683
2024-12-05 18:30:00+00:00,3.0,22.405914,26.583,19.333,24.718407,29.358227,22.107248,1733446746,1733487759,41013.52,36424.27,0.0,0.0,0.0,0.0,3.370831,7.6,105.56291,20.21,3.937862
2024-12-06 18:30:00+00:00,51.0,22.155916,26.883,19.133,24.640251,30.220951,21.680061,1733533179,1733574178,40999.12,36954.234,0.6,0.6,0.0,2.0,3.146824,7.7,103.00789,19.31,3.7773495
2024-12-07 18:30:00+00:00,3.0,21.949667,26.633,18.333,23.820879,29.378162,19.904423,1733619613,1733660599,40985.598,38247.03,0.0,0.0,0.0,0.0,2.9410884,7.3,119.59455,20.12,3.9483445
2024-12-08 18:30:00+00:00,51.0,22.285082,27.383,18.233,24.19725,30.127865,19.878843,1733706047,1733747020,40972.977,38212.11,0.1,0.1,0.0,1.0,2.8744564,7.4,99.155136,19.57,3.950247
2024-12-09 18:30:00+00:00,3.0,22.391333,27.782999,18.432999,23.717516,29.05885,20.244825,1733792481,1733833442,40961.27,36000.0,0.0,0.0,0.0,0.0,3.434021,9.3,71.23183,18.95,4.0372095
2024-12-10 18:30:00+00:00,3.0,21.807997,26.282999,18.182999,22.48316,27.005774,18.447632,1733878914,1733919865,40950.508,29734.523,0.0,0.0,0.0,0.0,4.548626,11.6,58.15364,15.8,3.4511557
2024-12-11 18:30:00+00:00,63.0,20.128832,21.883,18.883,21.446169,23.243015,19.711077,1733965347,1734006288,40940.715,0.0,21.200003,21.200003,0.0,19.0,4.315669,9.9,59.980495,4.03,0.93378615
2024-12-12 18:30:00+00:00,53.0,21.12258,24.282999,19.532999,22.275497,24.871128,20.464174,1734051780,1734092712,40931.91,10067.909,1.3000001,1.3000001,0.0,4.0,5.1580033,11.8,75.673225,9.08,2.004926
2024-12-13 18:30:00+00:00,3.0,21.118416,25.983,17.483,22.09435,27.652182,18.035835,1734138212,1734179136,40924.125,38042.508,0.0,0.0,0.0,0.0,5.061867,12.2,69.66348,20.12,3.8805027
2024-12-14 18:30:00+00:00,3.0,19.197582,24.182999,14.883,19.53558,25.061995,15.205568,1734224644,1734265561,40917.363,35107.637,0.0,0.0,0.0,0.0,3.696282,9.5,71.80625,20.27,3.8017652
2024-12-15 18:30:00+00:00,3.0,19.162167,24.733,14.983001,19.780237,26.500942,15.199261,1734311074,1734351986,40911.668,37978.734,0.0,0.0,0.0,0.0,3.175689,8.0,63.574364,20.91,3.8368053
2024-12-16 18:30:00+00:00,3.0,20.285086,26.983,14.383,21.22344,28.571754,13.888329,1734397505,1734438412,40907.05,36000.0,0.0,0.0,0.0,0.0,2.9732137,7.8,56.082535,20.35,3.9376538
2024-12-17 18:30:00+00:00,51.0,21.487162,25.782999,16.932999,22.76367,27.236519,17.675352,1734483934,1734524837,40903.53,34953.543,0.3,0.3,0.0,3.0,3.427098,9.4,32.23138,15.8,3.2519133
2024-12-18 18:30:00+00:00,51.0,22.7455,27.932999,18.983,24.247696,29.338787,20.157166,1734570363,1734611264,40901.07,37889.047,0.3,0.3,0.0,2.0,3.0153773,8.5,31.66995,16.45,3.453823
2024-12-19 18:30:00+00:00,51.0,22.76008,27.733,18.633,24.579918,28.900246,20.7463,1734656792,1734697692,40899.64,30781.932,0.1,0.1,0.0,1.0,3.508917,9.4,358.86362,13.82,3.0359871
2024-12-20 18:30:00+00:00,3.0,23.012167,28.932999,17.883,25.084478,31.17928,20.44096,1734743222,1734784121,40899.234,35069.504,0.0,0.0,0.0,0.0,2.7518177,6.8,10.472788,18.5,3.8786132
2024-12-21 18:30:00+00:00,3.0,22.760084,27.983,17.733,24.734045,29.981228,20.12884,1734829651,1734870551,40899.844,32400.0,0.0,0.0,0.0,0.0,3.2066338,7.2,87.10777,16.26,3.3088562
2024-12-22 18:30:00+00:00,3.0,22.272583,26.883,18.233,23.600874,27.527794,20.331419,1734916080,1734956981,40901.457,29853.076,0.0,0.0,0.0,0.0,2.7865748,7.9,114.27178,14.63,3.1701326
2024-12-23 18:30:00+00:00,3.0,22.243418,27.083,17.483,23.284971,28.302517,18.601168,1735002509,1735043413,40904.074,32863.383,0.0,0.0,0.0,0.0,3.1815877,7.5,65.51399,15.4,3.2456512
2024-12-24 18:30:00+00:00,3.0,22.08925,27.733,17.133,22.949709,29.014313,17.701405,1735088937,1735129845,40907.676,30163.656,0.0,0.0,0.0,0.0,3.04795,8.6,37.66966,14.62,3.364488
2024-12-25 18:30:00+00:00,55.0,22.032999,26.083,18.333,23.202166,27.450478,19.818312,1735175365,1735216278,40912.25,36827.89,3.6,3.6,0.0,10.0,4.8507733,12.5,61.320072,15.47,3.2608352
2024-12-26 18:30:00+00:00,51.0,21.051748,25.233,18.383,22.054,26.780743,18.902658,1735261793,1735302711,40917.8,35640.88,1.7,1.7,0.0,7.0,5.287958,12.8,95.979935,14.1,2.777972
2024-12-27 18:30:00+00:00,3.0,21.049664,26.032999,17.383,21.777115,27.46762,18.16349,1735348220,1735389145,40924.3,36822.9,0.0,0.0,0.0,0.0,4.3072615,10.1,96.04836,19.44,3.8804853
2024-12-28 18:30:00+00:00,3.0,21.243414,26.733,16.733,21.731049,27.925446,16.933174,1735434647,1735475579,40931.75,32616.139,0.0,0.0,0.0,0.0,3.965476,9.8,73.78658,19.72,4.1035595
2024-12-29 18:30:00+00:00,3.0,21.101751,25.583,16.583,21.460243,25.948805,16.411848,1735521072,1735562013,40940.13,30439.254,0.0,0.0,0.0,0.0,4.0040603,10.1,65.54456,13.01,2.9974291
2024-12-30 18:30:00+00:00,3.0,21.476748,27.383,16.883,21.049265,27.055742,15.983139,1735607497,1735648447,40949.44,37424.613,0.0,0.0,0.0,0.0,4.383207,11.6,78.0393,20.93,4.681282
2024-12-31 18:30:00+00:00,3.0,20.828835,26.432999,15.833,20.607069,26.459778,15.193674,1735693921,1735734881,40959.66,37520.387,0.0,0.0,0.0,0.0,4.0746164,11.3,76.653076,20.78,4.386631
2025-01-01 18:30:00+00:00,3.0,20.435081,26.233,16.083,20.463232,26.090738,15.783085,1735780344,1735821315,40970.78,36390.836,0.0,0.0,0.0,0.0,3.9319208,10.8,81.01108,20.79,4.2541413
2025-01-02 18:30:00+00:00,3.0,20.157997,25.733,16.233,19.965258,25.202446,16.870255,1735866766,1735907749,40982.79,36912.562,0.0,0.0,0.0,0.0,4.4102154,11.4,82.548355,20.59,4.253792
2025-01-03 18:30:00+00:00,3.0,19.628832,25.633,14.083,19.584967,26.003899,13.716522,1735953187,1735994183,40995.68,35493.566,0.0,0.0,0.0,0.0,3.4590461,9.8,94.715096,20.84,4.150036
2025-01-04 18:30:00+00:00,3.0,20.099667,26.333,14.783,20.036781,26.806135,14.768955,1736039606,1736080616,41009.434,32686.969,0.0,0.0,0.0,0.0,3.2097507,7.8,90.80357,20.58,4.2466187
2025-01-05 18:30:00+00:00,3.0,20.347584,26.083,15.633,20.481464,27.044239,15.993677,1736126024,1736167049,41024.035,36364.48,0.0,0.0,0.0,0.0,3.2962098,7.4,103.54977,21.45,4.3586535
2025-01-06 18:30:00+00:00,3.0,21.205915,27.182999,15.183001,21.178934,27.686949,15.093483,1736212441,1736253481,41039.49,36368.72,0.0,0.0,0.0,0.0,2.8429737,7.6,87.34509,20.99,4.446183
2025-01-07 18:30:00+00:00,3.0,20.926748,26.983,16.282999,20.18938,25.954094,16.673616,1736298857,1736339913,41055.957,36451.023,0.0,0.0,0.0,0.0,3.5003572,8.9,82.59144,21.66,4.7905703
2025-01-08 18:30:00+00:00,3.0,19.699667,25.733,14.483001,19.146528,25.077229,13.861464,1736385272,1736426345,41073.484,36000.0,0.0,0.0,0.0,0.0,4.628715,11.5,92.52945,20.68,4.279674
2025-01-09 18:30:00+00:00,3.0,20.703833,26.733,15.833,20.481073,26.66747,15.084377,1736471686,1736512778,41092.027,36378.816,0.0,0.0,0.0,0.0,4.094203,10.7,100.818436,18.07,3.9665463
2025-01-10 18:30:00+00:00,3.0,21.633001,27.583,17.583,22.210897,28.52172,18.326708,1736558099,1736599211,41111.547,36045.38,0.0,0.0,0.0,0.0,3.8147738,9.2,97.34739,17.72,3.8292494
2025-01-11 18:30:00+00:00,3.0,21.697584,28.532999,17.032999,22.4196,29.696003,17.866693,1736644512,1736685644,41132.01,33090.53,0.0,0.0,0.0,0.0,4.0942035,9.5,93.01682,18.51,4.00791
2025-01-12 18:30:00+00:00,51.0,22.335077,28.032999,18.883,23.243944,29.410206,20.105602,1736730924,1736772078,41153.38,33942.016,0.8,0.8,0.0,5.0,4.020572,11.0,82.058205,17.02,3.7535996
2025-01-13 18:30:00+00:00,51.0,22.039248,27.383,18.432999,22.560846,28.014763,17.861622,1736817335,1736858511,41175.61,31843.723,0.1,0.1,0.0,1.0,4.4902673,11.4,89.0703,16.84,3.798998
2025-01-14 18:30:00+00:00,51.0,20.320501,25.383,16.682999,20.109995,24.33749,16.918932,1736903745,1736944944,41198.664,23452.309,0.2,0.2,0.0,1.0,4.3548822,10.8,82.8044,13.36,3.0742464
2025-01-15 18:30:00+00:00,3.0,20.722582,26.532999,15.933,20.515762,26.767467,15.612488,1736990154,1737031377,41222.52,36676.887,0.0,0.0,0.0,0.0,4.912484,11.8,89.54402,20.47,4.296404
2025-01-16 18:30:00+00:00,3.0,20.635082,26.583,16.083,20.64766,27.156343,16.200878,1737076562,1737117809,41247.125,37054.36,0.0,0.0,0.0,0.0,4.1027427,10.9,85.95487,21.32,4.407838
2025-01-17 18:30:00+00:00,3.0,21.055918,27.133,15.683001,20.948807,27.038445,15.603178,1737162969,1737204242,41272.45,36000.0,0.0,0.0,0.0,0.0,3.9579034,11.0,81.17787,20.4,4.4393167
2025-01-18 18:30:00+00:00,61.0,19.853834,22.782999,18.133,20.721594,24.294706,18.0815,1737249375,1737290674,41298.457,6587.8022,6.0000005,6.0000005,0.0,11.0,4.3364735,10.8,59.61377,6.71,1.6171346
2025-01-19 18:30:00+00:00,3.0,21.472582,27.133,17.733,21.877586,27.146791,18.28601,1737335780,1737377106,41325.105,37171.39,0.0,0.0,0.0,0.0,3.1815877,8.8,63.435013,21.91,4.568928
2025-01-20 18:30:00+00:00,3.0,20.832998,27.682999,15.533,19.999289,26.669458,15.358837,1737422184,1737463537,41352.36,38123.965,0.0,0.0,0.0,0.0,3.2128649,9.2,72.61715,22.23,4.9100575
2025-01-21 18:30:00+00:00,3.0,21.439249,28.483,15.283,21.085714,29.387127,14.358719,1737508587,1737549967,41380.195,37631.82,0.0,0.0,0.0,0.0,3.8422,10.1,98.29075,21.69,4.8629994
2025-01-22 18:30:00+00:00,3.0,22.32675,29.532999,16.532999,22.195831,28.873245,17.19004,1737594989,1737636398,41408.574,37401.996,0.0,0.0,0.0,0.0,3.6013885,9.7,98.71166,21.71,4.9946632
2025-01-23 18:30:00+00:00,3.0,21.187164,27.532999,16.182999,21.109598,27.255535,16.35583,1737681389,1737722827,41437.45,37515.223,0.0,0.0,0.0,0.0,3.3734255,9.5,99.46227,22.53,4.7832274
2025-01-24 18:30:00+00:00,3.0,21.324667,28.883,14.783,20.726246,28.242725,14.839201,1737767789,1737809256,41466.797,36905.23,0.0,0.0,0.0,0.0,3.8684623,9.7,84.02032,22.63,5.074039
2025-01-25 18:30:00+00:00,3.0,21.737167,28.983,14.983001,19.837223,26.410172,13.892027,1737854187,1737895684,41496.582,37704.715,0.0,0.0,0.0,0.0,4.4141817,11.9,87.96358,23.42,5.84819
2025-01-26 18:30:00+00:00,3.0,21.247583,28.083,14.833,20.308475,26.605328,15.172922,1737940584,1737982111,41526.79,37712.547,0.0,0.0,0.0,0.0,3.335416,9.7,84.24059,23.21,5.232106
2025-01-27 18:30:00+00:00,3.0,21.21425,27.983,15.383,20.522642,27.274736,15.550171,1738026979,1738068538,41557.707,34350.48,0.0,0.0,0.0,0.0,3.104835,8.6,94.02344,22.34,4.9407096
2025-01-28 18:30:00+00:00,3.0,21.787165,29.282999,15.033,21.122519,27.974842,14.771482,1738113374,1738154964,41589.418,37340.855,0.0,0.0,0.0,0.0,3.4785054,9.9,84.20786,22.39,5.1557813
2025-01-29 18:30:00+00:00,3.0,22.314249,29.182999,15.933,22.90832,30.96199,15.844616,1738199767,1738241389,41621.875,37585.324,0.0,0.0,0.0,0.0,2.9295902,7.6,112.02198,22.34,4.8063035
2025-01-30 18:30:00+00:00,3.0,24.08925,30.333,18.333,24.952158,31.522991,19.91889,1738286159,1738327815,41655.04,37725.91,0.0,0.0,0.0,0.0,3.0232434,8.6,111.83864,22.5,5.133634
2025-01-31 18:30:00+00:00,3.0,24.339249,30.383,19.282999,24.622368,30.716003,21.041962,1738372550,1738414239,41688.867,36893.95,0.0,0.0,0.0,0.0,3.4820971,9.3,91.54408,22.29,5.2803392
2025-02-01 18:30:00+00:00,3.0,23.870499,30.833,17.333,23.114153,30.264973,18.42674,1738458940,1738500664,41723.31,37779.09,0.0,0.0,0.0,0.0,3.363406,9.0,85.65748,23.52,5.6612415
2025-02-02 18:30:00+00:00,3.0,23.287165,30.182999,16.682999,21.853317,28.032578,17.339941,1738545329,1738587088,41758.324,38760.504,0.0,0.0,0.0,0.0,3.5017853,10.2,96.86031,23.97,5.885591
2025-02-03 18:30:00+00:00,3.0,23.778833,30.532999,16.883,22.2238,29.350296,16.717278,1738631717,1738673511,41793.863,39079.816,0.0,0.0,0.0,0.0,3.9815197,10.0,93.657906,23.46,5.9950776
2025-02-04 18:30:00+00:00,3.0,23.82675,30.282999,18.032999,22.301786,29.059559,17.410595,1738718103,1738759934,41829.895,39010.734,0.0,0.0,0.0,0.0,4.0512347,11.0,95.53103,23.59,6.176459
2025-02-05 18:30:00+00:00,2.0,23.287165,29.583,17.282999,21.619337,27.851166,15.490536,1738804489,1738846356,41866.367,39235.504,0.0,0.0,0.0,0.0,3.8551912,10.9,98.75871,23.99,6.0030746
2025-02-06 18:30:00+00:00,3.0,23.328833,29.932999,17.133,21.660385,28.344528,16.99162,1738890874,1738932778,41903.25,39264.152,0.0,0.0,0.0,0.0,4.0524683,10.9,97.6667,24.09,6.0950184
2025-02-07 18:30:00+00:00,3.0,23.476751,29.733,17.483,22.211678,28.768772,16.798843,1738977258,1739019199,41940.492,39292.438,0.0,0.0,0.0,0.0,4.4679413,12.1,95.41722,23.8,6.071129
2025-02-08 18:30:00+00:00,3.0,23.485083,29.483,17.883,22.682846,28.355392,17.747004,1739063641,1739105620,41978.066,39320.23,0.0,0.0,0.0,0.0,4.5831213,12.5,92.13088,24.03,5.881634
2025-02-09 18:30:00+00:00,3.0,22.632998,28.782999,16.932999,22.288275,28.015232,17.489433,1739150023,1739192040,42015.92,37971.023,0.0,0.0,0.0,0.0,3.8451269,10.6,91.01202,23.91,5.3685775
2025-02-10 18:30:00+00:00,3.0,23.155914,30.532999,16.432999,22.148565,29.464485,16.96722,1739236405,1739278460,42054.027,36086.195,0.0,0.0,0.0,0.0,3.4731112,9.5,86.335396,24.24,5.7583847
2025-02-11 18:30:00+00:00,3.0,24.212166,31.483,16.883,22.13286,29.094082,16.453205,1739322786,1739364879,42092.34,39551.74,0.0,0.0,0.0,0.0,3.7,10.7,83.15555,25.02,6.4941278
2025-02-12 18:30:00+00:00,3.0,24.780914,31.782999,17.633,22.721212,30.368359,16.46986,1739409166,1739451297,42130.824,39593.78,0.0,0.0,0.0,0.0,3.7124789,10.7,85.25102,24.77,6.6412134
2025-02-13 18:30:00+00:00,3.0,25.241335,31.932999,18.282999,23.429213,30.892223,17.27976,1739495545,1739537715,42169.44,39635.875,0.0,0.0,0.0,0.0,3.2684095,9.5,85.49187,24.78,6.3672757
2025-02-14 18:30:00+00:00,3.0,25.239248,31.182999,19.032999,23.961311,30.824429,17.650852,1739581924,1739624132,42208.156,39678.004,0.0,0.0,0.0,0.0,3.572464,10.6,75.14131,24.48,6.207364
2025-02-15 18:30:00+00:00,3.0,24.953833,31.733,18.682999,23.718382,30.735367,18.064907,1739668302,1739710549,42246.95,39720.074,0.0,0.0,0.0,0.0,3.8890872,10.2,84.62669,24.8,6.346856
2025-02-16 18:30:00+00:00,1.0,24.553831,31.682999,18.182999,23.412575,30.694145,17.801754,1739754678,1739796965,42286.145,39762.38,0.0,0.0,0.0,0.0,3.7901187,10.3,91.7009,24.85,6.305952
2025-02-17 18:30:00+00:00,3.0,24.735086,31.532999,18.182999,23.804354,30.416756,18.802988,1739841054,1739883380,42325.832,39805.14,0.0,0.0,0.0,0.0,4.131888,10.3,98.42687,24.84,6.21138
2025-02-18 18:30:00+00:00,3.0,25.664246,32.732998,18.733,24.732948,32.121357,19.170053,1739927429,1739969795,42365.973,39848.312,0.0,0.0,0.0,0.0,3.6527388,10.3,97.3583,24.79,6.413998
2025-02-19 18:30:00+00:00,0.0,25.555916,32.583,19.383,25.09632,32.25291,20.022724,1740013802,1740056209,42406.53,39891.855,0.0,0.0,0.0,0.0,4.24323,11.1,103.55296,24.62,6.3143854
2025-02-20 18:30:00+00:00,0.0,25.230917,32.183,18.383,24.405859,31.375061,18.862675,1740100174,1740142622,42447.473,39935.72,0.0,0.0,0.0,0.0,3.9115217,10.4,92.502365,24.93,6.448317
2025-02-21 18:30:00+00:00,3.0,25.362162,32.033,18.383,24.651392,31.093807,19.78883,1740186546,1740229035,42488.758,39958.76,0.0,0.0,0.0,0.0,4.545327,11.7,73.55173,24.76,6.42813
2025-02-22 18:30:00+00:00,1.0,25.526749,31.733,19.633,24.106699,29.807957,20.289337,1740272917,1740315448,42530.348,40024.26,0.0,0.0,0.0,0.0,5.05099,13.7,74.33782,24.63,6.8159194
2025-02-23 18:30:00+00:00,0.0,24.553833,30.383,19.083,22.534323,28.588596,17.662308,1740359287,1740401859,42572.22,40068.848,0.0,0.0,0.0,0.0,4.7877445,13.0,85.209946,25.51,7.021565
2025-02-24 18:30:00+00:00,3.0,23.63925,29.983,17.333,22.582323,29.640713,17.226116,1740445656,1740488271,42614.316,40113.59,0.0,0.0,0.0,0.0,4.4102154,11.0,91.54626,25.27,6.3602653
2025-02-25 18:30:00+00:00,3.0,24.197584,30.532999,18.483,22.61744,29.709606,16.91523,1740532024,1740574681,42656.62,40158.457,0.0,0.0,0.0,0.0,4.7518415,12.5,81.41864,24.98,6.8326917
2025-02-26 18:30:00+00:00,3.0,24.13925,30.733,17.782999,22.328735,29.336895,16.099957,1740618392,1740661092,42699.09,40203.402,0.0,0.0,0.0,0.0,4.552472,12.3,85.37573,25.8,6.9235315
2025-02-27 18:30:00+00:00,3.0,24.420502,31.282999,17.583,23.48017,31.066807,16.226938,1740704759,1740747502,42741.688,40248.395,0.0,0.0,0.0,0.0,4.101829,10.6,87.01974,25.21,6.468984
2025-02-28 18:30:00+00:00,3.0,24.537163,31.233,18.532999,25.260405,32.750416,19.76505,1740791126,1740833911,42784.387,38557.797,0.0,0.0,0.0,0.0,3.952847,10.5,97.30014,24.13,5.752939
2025-03-01 18:30:00+00:00,3.0,25.657999,32.033,19.483,26.023201,32.597023,20.920616,1740877493,1740920321,42827.152,39796.457,0.0,0.0,0.0,0.0,3.9373214,8.8,99.631096,24.56,5.9040594
2025-03-02 18:30:00+00:00,3.0,26.610077,32.982998,20.083,26.337309,31.95475,21.91192,1740963859,1741006730,42869.945,39329.254,0.0,0.0,0.0,0.0,4.2479405,11.9,75.85805,24.39,6.396629
2025-03-03 18:30:00+00:00,3.0,27.080912,32.982998,21.432999,25.710585,32.04365,21.599686,1741050225,1741093138,42912.74,36507.836,0.0,0.0,0.0,0.0,4.8584976,13.1,88.59823,24.83,7.164912
2025-03-04 18:30:00+00:00,3.0,27.512167,33.083,21.532999,26.108986,32.483562,20.740702,1741136590,1741179547,42955.496,40152.445,0.0,0.0,0.0,0.0,4.4793973,12.3,94.789474,25.26,6.7789683
2025-03-05 18:30:00+00:00,3.0,27.335085,33.183,21.782999,26.501123,33.846977,21.275507,1741222956,1741265955,42998.18,40517.18,0.0,0.0,0.0,0.0,4.24323,10.8,71.46446,25.34,6.4503818
2025-03-06 18:30:00+00:00,3.0,26.878832,33.883,20.182999,25.397001,32.99274,20.06551,1741309321,1741352363,43040.766,40561.46,0.0,0.0,0.0,0.0,3.451449,9.4,65.32315,26.34,6.542913
2025-03-07 18:30:00+00:00,2.0,26.651749,34.033,19.532999,25.469177,34.61052,18.116129,1741395687,1741438771,43083.234,40605.438,0.0,0.0,0.0,0.0,3.0991936,9.4,86.947174,25.98,6.699706
2025-03-08 18:30:00+00:00,3.0,26.439247,33.533,19.983,24.813807,32.05448,19.170858,1741482051,1741525178,43125.883,40649.285,0.0,0.0,0.0,0.0,4.6524186,11.7,94.27575,26.39,7.331085
2025-03-09 18:30:00+00:00,3.0,24.4205,31.483,17.633,23.735003,30.537556,17.96759,1741568415,1741611585,43168.81,40693.33,0.0,0.0,0.0,0.0,4.682414,12.5,91.048515,26.31,6.5748453
2025-03-10 18:30:00+00:00,53.0,23.278831,31.083,18.083,23.462568,31.719395,17.420254,1741654778,1741697991,43211.98,40493.98,2.4999998,2.4999998,0.0,5.0,5.997082,14.6,87.31824,23.28,5.4872375
2025-03-11 18:30:00+00:00,61.0,24.41633,30.583,19.833,26.083624,31.93747,21.976229,1741741141,1741784397,43255.36,39606.99,2.3,2.3,0.0,5.0,4.6524186,13.0,98.75935,22.65,5.1243653
2025-03-12 18:30:00+00:00,3.0,26.224669,33.833,18.532999,26.18103,32.829594,21.071846,1741827503,1741870802,43298.934,38562.66,0.0,0.0,0.0,0.0,4.107615,10.6,87.50402,26.02,6.734347
2025-03-13 18:30:00+00:00,2.0,27.278837,34.283,19.583,26.222647,32.2672,20.952053,1741913864,1741957207,43342.652,40870.723,0.0,0.0,0.0,0.0,4.4141817,12.1,102.83736,26.75,7.3507495
2025-03-14 18:30:00+00:00,3.0,26.81633,33.583,20.282999,25.294708,32.03385,20.733404,1742000225,1742043612,43386.51,40915.223,0.0,0.0,0.0,0.0,4.744734,12.1,102.479416,26.96,7.400796
2025-03-15 18:30:00+00:00,2.0,26.551748,33.283,19.633,26.579027,33.911114,20.740217,1742086585,1742130016,43430.453,40959.727,0.0,0.0,0.0,0.0,4.1439714,10.1,123.741684,26.28,6.653776
2025-03-16 18:30:00+00:00,3.0,27.19133,34.933,21.233,28.54157,36.803062,23.169382,1742172946,1742216421,43474.47,39328.32,0.0,0.0,0.0,0.0,4.828302,12.9,216.48608,22.8,5.1964355
2025-03-17 18:30:00+00:00,3.0,27.735077,34.633,21.282999,28.042852,34.260178,23.19914,1742259305,1742302825,43518.52,41048.6,0.0,0.0,0.0,0.0,4.215744,10.4,117.55968,26.37,6.7728634
2025-03-18 18:30:00+00:00,3.0,27.039253,33.683,21.432999,27.715773,34.684834,23.163721,1742345665,1742389228,43562.582,41092.918,0.0,0.0,0.0,0.0,4.006557,10.6,134.76587,25.95,6.6057944
2025-03-19 18:30:00+00:00,3.0,26.330915,32.982998,20.083,26.71625,33.30897,21.988443,1742432025,1742475632,43606.625,40145.688,0.0,0.0,0.0,0.0,3.6786547,10.4,125.06273,26.18,6.549151
2025-03-20 18:30:00+00:00,3.0,26.664248,33.833,19.833,27.497398,35.239162,22.005121,1742518385,1742562036,43650.61,41018.156,0.0,0.0,0.0,0.0,3.8108397,9.3,124.18692,24.89,6.264098
2025-03-21 18:30:00+00:00,65.0,24.630915,33.033,21.383,26.958979,36.552258,22.982937,1742604744,1742648439,43694.52,35517.15,23.800001,23.800001,0.0,7.0,5.108816,11.9,156.35995,19.66,4.2133775
2025-03-22 18:30:00+00:00,51.0,23.980917,29.532999,20.032999,26.826544,33.55129,22.623775,1742691104,1742734843,43738.32,41099.324,0.1,0.1,0.0,1.0,3.710795,9.9,130.64456,24.26,4.966049
2025-03-23 18:30:00+00:00,3.0,24.533003,30.583,19.682999,26.546453,33.07074,22.4708,1742777464,1742821247,43781.98,39186.16,0.0,0.0,0.0,0.0,3.3018935,8.4,115.22065,23.81,5.306348
2025-03-24 18:30:00+00:00,3.0,25.141329,31.032999,19.932999,26.45642,33.294315,21.748684,1742863825,1742907651,43825.47,41355.266,0.0,0.0,0.0,0.0,3.5805027,7.7,122.72441,24.12,5.539864
2025-03-25 18:30:00+00:00,3.0,26.351746,33.433,19.483,26.637682,34.2836,20.926485,1742950185,1742994055,43868.758,41398.133,0.0,0.0,0.0,0.0,3.355965,8.2,122.56876,24.6,6.041887
2025-03-26 18:30:00+00:00,3.0,27.260084,33.783,20.432999,27.301193,34.30196,22.055637,1743036547,1743080459,43911.816,41440.67,0.0,0.0,0.0,0.0,4.2059484,11.4,10.800487,23.36,6.0069227
2025-03-27 18:30:00+00:00,3.0,27.907999,35.033,21.633,27.612885,34.767467,21.877834,1743122908,1743166863,43954.63,41482.8,0.0,0.0,0.0,0.0,3.6235344,9.5,123.64972,23.08,6.5298777
2025-03-28 18:30:00+00:00,2.0,28.314253,34.783,22.083,27.198008,34.102863,21.879467,1743209270,1743253268,43997.477,41524.637,0.0,0.0,0.0,0.0,4.3557434,11.0,127.045204,26.98,7.469302
2025-03-29 18:30:00+00:00,0.0,27.930916,34.283,21.833,26.023155,33.342476,19.593042,1743295631,1743339672,44040.445,41566.48,0.0,0.0,0.0,0.0,4.838388,11.7,114.72781,27.11,7.8276234
2025-03-30 18:30:00+00:00,3.0,27.85383,34.232998,21.333,26.418814,32.976597,20.833149,1743381992,1743426076,44083.5,41608.332,0.0,0.0,0.0,0.0,4.651881,12.8,98.25774,25.32,7.2214518
2025-03-31 18:30:00+00:00,2.0,26.253836,33.183,19.483,26.516489,33.673286,20.881823,1743468353,1743512480,44126.62,41650.145,0.0,0.0,0.0,0.0,3.8551915,10.0,103.00339,26.16,6.6070623
2025-04-01 18:30:00+00:00,51.0,26.02675,32.482998,20.233,27.172903,34.38971,22.045431,1743554713,1743598884,44169.785,41691.9,0.1,0.1,0.0,1.0,3.8616707,9.1,135.32257,24.68,5.9783063
2025-04-02 18:30:00+00:00,63.0,25.172583,32.583,20.432999,27.602158,34.533863,22.992474,1743641074,1743685288,44212.945,37331.344,8.0,8.0,0.0,8.0,3.2280025,9.8,129.75668,21.41,4.7084026
2025-04-03 18:30:00+00:00,53.0,23.183,28.932999,19.733,25.70511,32.338142,21.786625,1743727435,1743771691,44256.094,19352.676,2.9999998,2.9999998,0.0,11.0,2.8853076,7.6,26.662043,15.63,3.3851101
2025-04-04 18:30:00+00:00,3.0,24.793417,30.983,19.383,27.420393,34.104595,22.082684,1743813795,1743858095,44299.195,41816.543,0.0,0.0,0.0,0.0,2.7212129,8.1,123.54847,24.92,5.312048
2025-04-05 18:30:00+00:00,3.0,26.708,32.783,20.733,28.237986,35.00644,23.442429,1743900156,1743944499,44342.215,37225.086,0.0,0.0,0.0,0.0,3.6912057,9.5,75.62076,21.62,5.5261164
2025-04-06 18:30:00+00:00,3.0,27.601748,34.633,20.883,27.937616,33.88578,23.64347,1743986517,1744030903,44385.13,41695.02,0.0,0.0,0.0,0.0,4.588028,12.6,91.915474,26.64,7.0658946
2025-04-07 18:30:00+00:00,3.0,27.399666,34.232998,20.133,27.286448,33.450428,22.409386,1744072879,1744117307,44427.906,41216.51,0.0,0.0,0.0,0.0,5.724072,13.8,88.58094,24.62,6.8679605
2025-04-08 18:30:00+00:00,3.0,27.307997,33.133,20.432999,27.05938,33.308598,21.935427,1744159241,1744203712,44470.52,41980.27,0.0,0.0,0.0,0.0,3.9373214,11.4,71.275764,24.92,6.672026
2025-04-09 18:30:00+00:00,3.0,27.139252,33.033,20.682999,27.614105,34.015102,21.88277,1744245603,1744290116,44512.934,40774.375,0.0,0.0,0.0,0.0,3.0927334,9.1,258.00443,21.81,5.551775
2025-04-10 18:30:00+00:00,63.0,26.218414,33.933,20.583,27.608713,35.792793,22.360922,1744331965,1744376521,44555.125,41591.008,4.7,4.7,0.0,4.0,3.6017356,14.5,263.0802,24.48,5.662988
2025-04-11 18:30:00+00:00,53.0,25.587168,33.333,20.483,27.305338,35.682796,22.521843,1744418329,1744462926,44597.055,39097.3,1.5000001,1.5000001,0.0,4.0,3.0528674,9.7,275.89255,23.72,5.369242
2025-04-12 18:30:00+00:00,51.0,26.139246,31.982998,20.932999,27.603271,33.932026,22.473303,1744504692,1744549332,44638.695,41872.793,0.3,0.3,0.0,1.0,2.5,7.6,54.117764,22.4,5.136346
2025-04-13 18:30:00+00:00,51.0,26.695498,33.533,21.282999,27.822456,34.725403,21.9256,1744591057,1744635737,44680.01,40802.906,0.70000005,0.70000005,0.0,3.0,3.9274673,10.6,113.62413,23.64,5.6639667
2025-04-14 18:30:00+00:00,3.0,27.166334,33.482998,20.583,27.618223,35.376358,22.044247,1744677422,1744722144,44720.977,39323.766,0.0,0.0,0.0,0.0,3.4238136,9.0,112.779915,21.43,5.441647
2025-04-15 18:30:00+00:00,63.0,25.560081,33.883,21.583,27.476625,36.20698,23.279654,1744763788,1744808550,44761.555,36306.645,10.8,10.8,0.0,7.0,5.044056,13.1,189.53235,22.08,5.0975876
2025-04-16 18:30:00+00:00,51.0,27.070496,33.133,20.932999,29.163465,35.95864,22.876812,1744850155,1744894957,44801.727,42106.926,0.1,0.1,0.0,1.0,2.100595,7.5,138.28932,23.63,5.3120904
2025-04-17 18:30:00+00:00,51.0,26.593414,33.482998,21.182999,29.031988,37.197144,23.319647,1744936522,1744981365,44841.758,42017.234,1.1,1.1,0.0,3.0,2.9004312,8.7,216.91464,22.49,5.069918
2025-04-18 18:30:00+00:00,3.0,26.703835,32.732998,20.833,29.33581,34.973057,23.386446,1745022890,1745067772,44881.734,41363.27,0.0,0.0,0.0,0.0,2.7313,8.1,292.60477,23.57,5.2034583
2025-04-19 18:30:00+00:00,51.0,26.620497,34.232998,20.932999,28.985899,37.362633,23.647142,1745109258,1745154180,44921.625,40838.78,0.1,0.1,0.0,1.0,3.640055,12.0,320.19446,24.49,5.5697336
2025-04-20 18:30:00+00:00,3.0,27.36841,34.033,20.733,28.92222,34.917866,23.9735,1745195626,1745240588,44961.402,42131.71,0.0,0.0,0.0,0.0,3.8108397,10.6,85.908134,25.68,6.272139
2025-04-21 18:30:00+00:00,3.0,28.166334,34.433,21.733,28.22708,34.88055,22.184294,1745281995,1745326996,45001.035,42138.383,0.0,0.0,0.0,0.0,3.9169502,10.7,102.114525,26.74,7.072185
2025-04-22 18:30:00+00:00,1.0,28.853834,35.333,21.532999,29.33419,36.764484,23.728659,1745368364,1745413405,45040.496,42145.266,0.0,0.0,0.0,0.0,3.4677083,10.3,111.30126,26.45,6.8897495
2025-04-23 18:30:00+00:00,3.0,28.920496,36.033,20.932999,29.641066,36.344948,23.475908,1745454733,1745499813,45079.746,42152.375,0.0,0.0,0.0,0.0,4.0478387,11.1,107.11091,26.8,7.0444756
2025-04-24 18:30:00+00:00,2.0,28.712166,35.433,21.633,29.91878,36.80198,24.541838,1745541103,1745586222,45118.76,42159.723,0.0,0.0,0.0,0.0,4.539824,12.3,119.59545,24.87,6.4373846
2025-04-25 18:30:00+00:00,3.0,28.389246,34.133,22.383,29.302916,34.799267,24.565865,1745627474,1745672632,45157.508,42167.32,0.0,0.0,0.0,0.0,3.85,11.0,120.1277,23.81,6.393821
2025-04-26 18:30:00+00:00,3.0,27.901747,34.133,21.782999,28.978666,34.79469,24.71266,1745713845,1745759041,45195.953,42175.18,0.0,0.0,0.0,0.0,3.9812057,10.5,105.20182,23.82,6.204221
2025-04-27 18:30:00+00:00,3.0,27.451746,33.283,21.733,29.197279,35.35178,24.848392,1745800217,1745845451,45234.06,42183.312,0.0,0.0,0.0,0.0,3.0700164,8.7,115.36039,24.25,5.8403306
2025-04-28 18:30:00+00:00,51.0,28.02675,34.133,21.932999,29.282312,35.605156,24.551851,1745886589,1745931861,45271.797,42191.73,0.2,0.2,0.0,2.0,4.007805,11.4,104.87139,24.18,6.1479206
2025-04-29 18:30:00+00:00,51.0,28.470499,34.533,22.282999,29.864824,35.657562,24.35159,1745972962,1746018272,45309.133,41255.16,1.0,1.0,0.0,5.0,3.381198,9.7,131.77234,22.99,5.5784907
2025-04-30 18:30:00+00:00,53.0,28.197578,34.433,22.983,29.497976,36.00269,23.872889,1746059336,1746104683,45346.03,39854.55,1.3,1.3,0.0,3.0,2.9774148,8.5,164.80266,21.93,5.4563904
2025-05-01 18:30:00+00:00,63.0,26.997583,33.583,21.633,29.422195,36.669266,24.355791,1746145711,1746191094,45382.457,41124.85,2.9,2.9,0.0,1.0,2.1708293,6.4,213.32114,23.18,5.1768107
2025-05-02 18:30:00+00:00,63.0,26.358,34.333,21.133,28.56782,37.92681,23.714226,1746232086,1746277505,45418.375,37807.156,9.3,9.3,0.0,3.0,3.0700164,9.6,244.88957,22.17,5.092415
2025-05-03 18:30:00+00:00,51.0,27.130913,33.583,21.182999,28.99437,35.71495,24.031948,1746318463,1746363917,45453.75,40343.258,0.3,0.3,0.0,2.0,5.146358,12.9,288.21152,23.18,5.388775
2025-05-04 18:30:00+00:00,3.0,27.962166,35.183,21.633,29.252398,35.764957,23.98831,1746404840,1746450329,45488.535,42248.836,0.0,0.0,0.0,0.0,3.040148,8.6,189.40062,24.37,5.7098694
2025-05-05 18:30:00+00:00,3.0,27.247581,33.833,20.833,28.62142,34.68007,23.792143,1746491219,1746536742,45522.707,42087.094,0.0,0.0,0.0,0.0,2.7658632,8.8,272.55283,24.88,5.764778
2025-05-06 18:30:00+00:00,3.0,27.372583,33.383,20.682999,28.120108,34.460857,22.334255,1746577598,1746623155,45556.24,41954.887,0.0,0.0,0.0,0.0,2.9740543,8.9,267.26968,24.19,5.9257126
2025-05-07 18:30:00+00:00,3.0,27.01425,32.633,21.633,27.86026,34.14031,23.427778,1746663978,1746709568,45589.36,42282.223,0.0,0.0,0.0,0.0,3.153173,9.4,268.29492,24.91,6.0021443
2025-05-08 18:30:00+00:00,51.0,26.6705,32.232998,20.633,28.071325,35.164017,22.161558,1746750359,1746795982,45622.16,42238.13,0.1,0.1,0.0,1.0,2.5480385,7.7,281.97604,24.29,5.480968
2025-05-09 18:30:00+00:00,51.0,26.81633,31.432999,21.333,28.22187,33.069378,23.038397,1746836741,1746882396,45654.6,41416.312,0.70000005,0.70000005,0.0,7.0,2.8071337,8.7,243.3946,23.81,5.4469585
2025-05-10 18:30:00+00:00,63.0,25.885084,31.932999,20.883,28.13077,34.950184,22.49592,1746923124,1746968811,45686.668,37319.383,8.0,8.0,0.0,6.0,3.040148,8.8,251.90321,21.61,4.842035
2025-05-11 18:30:00+00:00,53.0,25.493414,31.083,20.733,28.037062,34.747883,23.417042,1747009507,1747055226,45718.31,42332.58,1.2,1.2,0.0,6.0,4.032989,9.5,258.41782,22.41,4.8770003
2025-05-12 18:30:00+00:00,63.0,25.005915,33.333,20.583,27.779488,36.982437,21.187298,1747095891,1747141641,45749.508,38519.54,4.7,4.7,0.0,4.0,4.9729266,12.6,268.2202,22.26,4.8437023
2025-05-13 18:30:00+00:00,55.0,26.057997,32.283,20.633,28.959558,36.03762,23.32727,1747182276,1747228057,45780.23,40729.926,1.6,1.6,0.0,4.0,3.1144822,7.5,307.86053,23.99,5.186226
2025-05-14 18:30:00+00:00,61.0,25.651747,32.982998,20.932999,28.564583,37.182972,23.947874,1747268662,1747314473,45810.45,41150.04,1.8,1.8,0.0,2.0,3.5693135,8.3,245.32675,23.49,5.2086344
2025-05-15 18:30:00+00:00,61.0,25.205915,30.782999,21.182999,28.356398,34.933784,24.226658,1747355048,1747400889,45840.133,39889.26,3.6,3.6,0.0,5.0,3.7343004,9.0,267.87894,22.41,4.7630424
2025-05-16 18:30:00+00:00,63.0,23.476753,29.282999,20.932999,26.869246,33.4984,24.146036,1747441436,1747487305,45869.242,24990.244,22.6,22.6,0.0,17.0,3.3533564,8.9,283.3502,17.27,3.5551538
2025-05-17 18:30:00+00:00,63.0,23.912169,28.983,20.383,27.50312,33.888504,23.148466,1747527824,1747573722,45897.75,33201.61,16.5,16.5,0.0,8.0,3.0955615,9.2,310.24722,22.2,4.473147
2025-05-18 18:30:00+00:00,63.0,23.105917,28.133,20.983,26.68692,32.712128,24.124487,1747614212,1747660138,45925.625,16434.705,14.900001,14.900001,0.0,16.0,3.0870697,7.3,297.98517,14.97,3.0721793
2025-05-19 18:30:00+00:00,65.0,22.59758,27.233,20.682999,25.749619,30.563423,23.789877,1747700602,1747746555,45952.832,10347.155,15.200001,15.200001,0.0,16.0,3.3365402,11.5,239.75555,10.99,2.2461443
2025-05-20 18:30:00+00:00,63.0,22.730913,26.383,20.333,24.182558,28.310196,20.933535,1747786993,1747832972,45979.336,25431.88,7.9,7.9,0.0,5.0,5.1676884,12.3,249.67992,16.55,3.5550663
2025-05-21 18:30:00+00:00,51.0,23.483002,28.483,19.182999,24.859087,30.62017,20.933376,1747873384,1747919389,46005.11,40766.57,0.1,0.1,0.0,1.0,5.249762,13.5,247.61975,21.57,4.586901
2025-05-22 18:30:00+00:00,55.0,23.485079,27.932999,20.333,25.255325,30.12798,22.454082,1747959776,1748005806,46030.11,41409.93,3.1000001,3.1000001,0.0,10.0,6.1573124,16.2,233.08635,21.59,4.3616543
2025-05-23 18:30:00+00:00,61.0,22.587164,25.333,20.633,23.653923,25.790056,21.900951,1748046169,1748092223,46054.312,14087.059,5.4999995,5.4999995,0.0,9.0,7.560589,17.9,229.84926,12.22,2.549349
2025-05-24 18:30:00+00:00,61.0,22.578829,26.782999,20.133,23.495832,27.705824,20.70649,1748132562,1748178640,46077.67,35943.758,7.5999994,7.5999994,0.0,21.0,8.116958,20.5,235.23813,18.47,3.4506607
2025-05-25 18:30:00+00:00,63.0,21.457998,25.383,19.983,22.500336,27.048853,20.981346,1748218957,1748265057,46100.168,8278.919,15.200001,15.200001,0.0,17.0,6.839042,18.1,247.74907,10.28,2.0066597
2025-05-26 18:30:00+00:00,55.0,22.726748,26.133,20.233,23.34472,26.78705,20.790604,1748305352,1748351474,46121.766,29407.738,3.1999993,3.1999993,0.0,12.0,8.009994,18.9,261.88165,17.05,3.5629902
2025-05-27 18:30:00+00:00,55.0,22.962166,26.233,20.782999,23.539558,27.074749,21.21417,1748391749,1748437891,46142.633,35349.58,3.3,3.3,0.0,10.0,7.658003,18.9,265.0808,18.24,3.8843546
2025-05-28 18:30:00+00:00,61.0,22.328835,25.883,20.532999,23.46943,26.597786,21.71319,1748478146,1748524309,46162.824,10972.873,6.3999996,6.3999996,0.0,15.0,6.6567636,15.8,252.0495,13.06,2.75941
2025-05-29 18:30:00+00:00,51.0,21.958,24.032999,20.333,23.558685,25.153967,22.272867,1748564544,1748610727,46182.32,0.0,2.1999998,2.1999998,0.0,13.0,5.521096,12.5,256.71823,6.39,1.6248379
2025-05-30 18:30:00+00:00,51.0,24.080917,29.333,20.883,25.333391,30.297325,22.04038,1748650944,1748697145,46201.11,40583.586,0.1,0.1,0.0,1.0,5.67186,13.4,263.5813,19.49,4.357725
2025-05-31 18:30:00+00:00,3.0,24.072584,29.432999,19.583,25.769196,31.846783,21.238003,1748737344,1748783564,46219.156,41314.516,0.0,0.0,0.0,0.0,4.5502744,12.0,259.43906,24.81,5.320664
2025-06-01 18:30:00+00:00,61.0,23.566336,28.733,19.383,25.130857,31.33873,21.188578,1748823745,1748869982,46236.46,35536.113,1.5,1.5,0.0,3.0,5.597321,13.4,246.38297,21.49,4.623197
2025-06-02 18:30:00+00:00,53.0,23.516333,28.633,19.782999,25.134375,30.522446,21.142464,1748910148,1748956401,46252.996,39188.992,1.8000001,1.8000001,0.0,8.0,5.8053856,14.6,247.26761,20.31,4.2508597
2025-06-03 18:30:00+00:00,53.0,24.153833,29.182999,19.282999,25.907593,31.527878,21.304518,1748996550,1749042819,46268.742,42689.746,0.5,0.5,0.0,1.0,4.20119,11.0,255.28488,24.27,5.2677593
2025-06-04 18:30:00+00:00,3.0,24.526749,30.083,19.233,26.495264,32.36872,21.329664,1749082954,1749129238,46283.684,42707.22,0.0,0.0,0.0,0.0,3.5794554,10.3,272.80133,24.68,5.2789073
2025-06-05 18:30:00+00:00,51.0,25.664246,31.432999,19.883,27.517931,33.015213,22.031992,1749169359,1749215657,46297.797,42724.63,0.2,0.2,0.0,2.0,3.6503425,10.3,274.9398,24.02,5.475477
2025-06-06 18:30:00+00:00,51.0,25.4955,30.733,20.032999,27.130943,32.62642,22.326567,1749255764,1749302075,46311.074,42741.91,0.3,0.3,0.0,3.0,3.6090164,10.3,253.18167,24.43,5.629766
2025-06-07 18:30:00+00:00,61.0,25.478836,31.633,20.083,27.361555,33.624367,22.095322,1749342169,1749388493,46323.49,36456.0,2.9,2.9,0.0,5.0,3.448188,10.2,284.1585,21.73,5.0955057
2025-06-08 18:30:00+00:00,63.0,23.6705,28.633,20.182999,25.879234,31.520512,22.362864,1749428576,1749474911,46335.023,36683.93,11.900002,11.900002,0.0,8.0,4.434242,11.7,286.02716,20.82,4.3827057
